read_id	barcode	mapq
1_MCSS56_1	AGTCGATCGGCTAGTC	60
3_MCSS56_1	AGTCGATCGGCTAGTC	60
5_MCSS56_1	AGTCGATCGGCTAGTC	60
7_MCSS56_1	AGTCGATCGGCTAGTC	60
11_MCSS56_1	AGTCGATCGGCTAGTC	60
12_MCSS56_1	AGTCGATCGGCTAGTC	60
18_MCSS56_1	AGTCGATCGGCTAGTC	60
21_MCSS56_1	AGTCGATCGGCTAGTC	60
22_MCSS56_1	AGTCGATCGGCTAGTC	60
23_MCSS56_1	AGTCGATCGGCTAGTC	60
25_MCSS56_1	AGTAG-TAG--TAGCC	60
26_MCSS56_1	AG--GAAAGGGTAATC	60
27_MCSS56_1	AGTCGATCGGCTAGTC	60
28_MCSS56_1	AGTCGATCGGCTAGTC	60
30_MCSS56_1	AGTCGATCGGCTAGTC	60
31_MCSS56_1	AGTCGATCGGCTAGTC	60
36_MCSS56_1	AGTCGATCGGCTAGTC	60
40_MCSS56_1	AGTCGATCGGCTAGTC	60
41_MCSS56_1	AGTCGATCGGCTAGTC	60
42_MCSS56_1	AGTCGATCGGCTAATG	60
44_MCSS56_1	AGTCGATCGGCTAGTC	60
45_MCSS56_1	AGTCGATCGGCTAGTC	60
48_MCSS56_1	AGTCGATCGGCTAGTC	60
49_MCSS56_1	AGTCGATCGGCTAGTC	60
50_MCSS56_1	AGTCGATCGGCTAGTC	60
51_MCSS56_1	AGTCGATCGGCTAGTC	60
52_MCSS56_1	AGTCGATCGGCTAGTC	60
57_MCSS56_1	AGTCGATCGGCTAGTC	60
59_MCSS56_1	AGTCGATCGGCTAGTC	60
61_MCSS56_1	AGTCGATCGGCTAGTC	60
62_MCSS56_1	AGTCGATCGGCTAGTC	60
65_MCSS56_1	AGTCGATCGGCTAGTC	60
69_MCSS56_1	AGTCGATCGGCTAGTC	60
70_MCSS56_1	AGTCGATCGGCTAGTC	60
71_MCSS56_1	AGTCGATCGGCTAGTC	60
72_MCSS56_1	AGTCGATCGGCTAGTC	60
74_MCSS56_1	AGTCGATCGGCTAGTC	60
75_MCSS56_1	AGTCGATCGGCTAGTC	60
79_MCSS56_1	AGTCGATCGGCTAGTC	60
81_MCSS56_1	GGTCGTACGCCT-G--	60
86_MCSS56_1	AGTCGATCGGCTAGTC	60
90_MCSS56_1	AGTCGATCGGCTAGTC	60
91_MCSS56_1	AGTCGATCGGCTAGTC	60
96_MCSS56_1	AGTCGATCGGCTAGTC	60
100_MCSS56_1	A---GATCGGCTAGTC	60
102_MCSS56_1	AGTCGATCGGCTAGTC	60
103_MCSS56_1	AGTCGATCGGCTAGTC	60
106_MCSS56_1	AGTCGATCGGCTAGTC	60
110_MCSS56_1	AGTCGATCGGCTAGTC	60
113_MCSS56_1	AGTCGATCGGCTAGTC	60
116_MCSS56_1	AGTCGATGGGCTAGTC	60
117_MCSS56_1	AGTCGATCGGCTAGTC	60
118_MCSS56_1	AGTCGATCGGCTAGTC	60
120_MCSS56_1	AGTCGATCGGCTAGTC	60
121_MCSS56_1	AGTCGATCGGCTAGTC	60
124_MCSS56_1	AGTCGATCGGCTAGTC	60
129_MCSS56_1	AGTCGATCGGCTAGTC	60
130_MCSS56_1	AGTCGATCGGCTAGTC	60
131_MCSS56_1	AGTCGATCGGCTAGTC	60
133_MCSS56_1	AGTCGATCGGCTAGTC	60
136_MCSS56_1	AGTCGATCGGCTAGTC	60
137_MCSS56_1	AGTCGATCGGCTAGTC	60
142_MCSS56_1	AGTCGATCGGCTAGTC	60
144_MCSS56_1	AGTCGATCGGCTAGTC	60
150_MCSS56_1	AGTCGATCGGCTAGTC	60
153_MCSS56_1	AGTCGATCGGCTAGTC	60
155_MCSS56_1	AGTCGATCGGCTAGTC	60
158_MCSS56_1	CGCCGATCGACCA-TC	60
161_MCSS56_1	AGTCGATCGGCTAGTC	60
162_MCSS56_1	AGTCGATCGGCTAGTC	60
165_MCSS56_1	AGTCGATCGGCTAGTC	60
169_MCSS56_1	AGTCGATCGGCTAGTC	60
170_MCSS56_1	AGTCGATCGGCT-GTC	60
172_MCSS56_1	AGTCGATCGGCTAGTC	60
173_MCSS56_1	AGTCGATCGGCTAGTC	60
182_MCSS56_1	AGTCGATCGGCTAGTC	60
183_MCSS56_1	AGTCAATCAGCTA---	60
185_MCSS56_1	AGTCGATCGGCTAGTC	60
188_MCSS56_1	AGTCGATCGGCTAGTC	60
192_MCSS56_1	AGTCGATCGGCTAGTC	60
196_MCSS56_1	AGTCGATCGGCTAGTC	60
197_MCSS56_1	AGTCGATCGGCTAGTC	60
198_MCSS56_1	AGTCGATCGGCTAGTC	60
204_MCSS56_1	AGTCGATCGGCTAGTC	60
206_MCSS56_1	AGTCGATCGGCTAGTC	60
208_MCSS56_1	AGTCGATCGGCTAGTC	60
209_MCSS56_1	AGTCGATCGGCTAGTC	60
210_MCSS56_1	AGTCAAT-GAC--GCG	60
211_MCSS56_1	AGTCGATCGGCTAGTC	60
212_MCSS56_1	AGTCGATCGGCTAGTC	60
213_MCSS56_1	AGTCGATCGGCTAGTC	60
215_MCSS56_1	AGTCGATCGGCTAGTC	60
216_MCSS56_1	AGTCGATCGGCTAGTC	60
222_MCSS56_1	AGTCGATGGGCTAGTC	60
223_MCSS56_1	AGTCGATCGGCTAGTC	60
226_MCSS56_1	AGTCGATCGGCTAGTC	60
227_MCSS56_1	AGTCGATCGGCTAGTC	60
239_MCSS56_1	AGTCGATCGGCTAGTC	60
241_MCSS56_1	AGTCGATCGGCTAGTC	60
245_MCSS56_1	AGTCGATCGGCTAGTC	60
251_MCSS56_1	AGTCAATAGGCTAGTC	60
254_MCSS56_1	AGTCGATCGGCTAGTC	60
256_MCSS56_1	AGTCGATCGGCTAGTC	60
260_MCSS56_1	AGTCGATCGGCTAGTC	60
261_MCSS56_1	AGTCGATCGGCTAGTC	60
262_MCSS56_1	AGTCGATCGGCTAGTA	60
265_MCSS56_1	AGTCGATCGGCTAGTC	60
266_MCSS56_1	AGTCGATCGGCTAGTC	60
268_MCSS56_1	TATC-ACCGGCGAGT-	60
271_MCSS56_1	AGTCGATCGGCTAGTC	60
272_MCSS56_1	AATAGAT--TCTAGAA	60
279_MCSS56_1	AGTCGATCGGCTAGTC	60
280_MCSS56_1	AGTCGATCGGCTAGTC	60
282_MCSS56_1	AGTCGATCGGCTAGTC	60
291_MCSS56_1	AGTCGATCGGCTAGTC	60
293_MCSS56_1	AGTCGATCGGCTAGTC	60
296_MCSS56_1	A-CCAATATGCGTGCC	60
297_MCSS56_1	AGTCGATCGGCTAGTC	60
300_MCSS56_1	AGTCGATCGGCTAGTC	60
306_MCSS56_1	AGTCGATCGGCTAGTC	60
307_MCSS56_1	AGTCGATCGGCTAGTC	60
311_MCSS56_1	AGTCGATCGGCTAGTC	60
314_MCSS56_1	AGTCGATCGGCTAGTC	60
315_MCSS56_1	AGTCGATCGGCTAGTC	60
322_MCSS56_1	AGTCGATCGGCTAGTC	60
326_MCSS56_1	AGTCGATCGGCTAGTC	60
327_MCSS56_1	AGTCGATCGGCTAGTC	60
332_MCSS56_1	AGTCGATCGGCTAGTC	60
335_MCSS56_1	AGTCGATCGGCTAGTC	60
338_MCSS56_1	A----ATAGGCTAGAA	60
344_MCSS56_1	AGTCGATCGGCTAGTC	60
345_MCSS56_1	AGTCGATCGGCTAGTC	60
346_MCSS56_1	AGTCGATCGGCTAGTC	60
351_MCSS56_1	AGTCGATCGGCTAGTC	60
354_MCSS56_1	AGTCGATCGGCTAGTC	60
356_MCSS56_1	AGTCGATCGGCTAGTC	60
357_MCSS56_1	AGTCGATCGGCTAGTC	60
358_MCSS56_1	AGTCGATCGGCTAGTC	60
359_MCSS56_1	AGTCGATCGGCTAGTC	60
363_MCSS56_1	AGTCGATCGGCTAGTC	60
364_MCSS56_1	AGTCGATCGGCTAGTC	60
366_MCSS56_1	AGTCGATCGGCTAGTC	60
369_MCSS56_1	AGTCGATCGGCTAATC	60
375_MCSS56_1	AGTCGATCGGCTAGTC	60
378_MCSS56_1	AGT--ATCGACTAGTT	52
388_MCSS56_1	AGTCGATCGGCTAGTC	60
392_MCSS56_1	AGTCGATCGGCTAGTC	60
395_MCSS56_1	AGTCGATCGGCTAGTC	60
400_MCSS56_1	AGTCAATCAGCTAGTC	60
407_MCSS56_1	AGTCGATCGGCTAGTC	60
408_MCSS56_1	AGTCGATCGGCTAGTC	60
413_MCSS56_1	AGTCGATCGGCTAGTC	60
414_MCSS56_1	AGTCGATCGGCTAGTC	60
415_MCSS56_1	AGTCGATCGGCTAGTC	60
421_MCSS56_1	AGTCGATCGGCTAGTC	60
423_MCSS56_1	AGTCGATCGGCTAGTC	60
424_MCSS56_1	AGTCGATCGGCTAGTC	60
425_MCSS56_1	AGTCGATCGGCTAGTC	60
426_MCSS56_1	AGTCGATCGGCTAGTC	60
428_MCSS56_1	AGTCGATCGGCTAG-C	60
429_MCSS56_1	AGTCGATCGGCTAGTC	60
430_MCSS56_1	AGTCGATCGGCTAGTC	60
432_MCSS56_1	AGTCGATCGGCTAGTC	60
433_MCSS56_1	AGTCGATCGGCTAGTC	60
440_MCSS56_1	AGTCGATCGGCTAGTC	60
441_MCSS56_1	AGTCGATCGGCTAGTC	60
443_MCSS56_1	AGTCGATCGGCTAGTC	60
444_MCSS56_1	AGTCGATCGGCTAGTC	60
449_MCSS56_1	AGTCGATCGGCTAGTC	60
451_MCSS56_1	AGTCGATCGGCTAGTC	60
453_MCSS56_1	AGTCGATCGGCTAGTC	60
455_MCSS56_1	AGTCGATCGGCTAGTC	60
456_MCSS56_1	AGTCGATCGGCTAGTC	60
460_MCSS56_1	AGTCGATCGGCTAGTC	60
461_MCSS56_1	AGTCGATCGGCTAGTC	60
465_MCSS56_1	AGTCGATCGGCTAGTC	60
466_MCSS56_1	AGTCGATCGGCTAGTC	60
467_MCSS56_1	AGT-AAGCGGGTAG-A	48
468_MCSS56_1	AGTCGATCGGCTAGTC	60
470_MCSS56_1	AGTCGATCGGCTAGTC	60
474_MCSS56_1	AGTCGATCGGCTAGTA	60
478_MCSS56_1	AGTCGATCGGCTAGTC	60
480_MCSS56_1	AGTCGATCGGCTAGTC	60
482_MCSS56_1	AGTCGATCGGCTAGTC	60
487_MCSS56_1	AGTCGATCGGCTAGTC	60
493_MCSS56_1	AGTCGATCGGCTAGTC	60
496_MCSS56_1	AGTCGATCGGCTAGTC	60
497_MCSS56_1	AGTCGATCGGCTAGTC	60
500_MCSS56_1	AGTCGATCGGCTAGTC	60
502_MCSS56_1	AGTCGATCGGCTGGTC	60
505_MCSS56_1	AGTCGATCGGCTAGTC	60
506_MCSS56_1	AGTCGATCGGCTAGTC	60
508_MCSS56_1	AGTCGATCGGCTAGTC	60
513_MCSS56_1	AGTCGATCGGCTAGTC	60
516_MCSS56_1	AGTCGATGGGCTCGTC	60
517_MCSS56_1	AGTCGATCGGCTAGTC	60
518_MCSS56_1	AGTCGATCGGCTAGTC	60
519_MCSS56_1	AGTCGATCGGCTAGTC	60
520_MCSS56_1	AGTCGATCGGCTAGTC	60
521_MCSS56_1	AGTCGATCGGCTAGTC	60
523_MCSS56_1	AGTCGATCGGCTAGTC	60
524_MCSS56_1	AGTCGATCGGCTAGTC	60
528_MCSS56_1	AGTCGATCGGCTAGTC	60
534_MCSS56_1	AGTCGATCGGCTAGTC	60
536_MCSS56_1	AGTCGATCGGCTAGTC	60
537_MCSS56_1	--TTAATGAGCTAGTG	43
543_MCSS56_1	AGTCGATCGGCTAGTC	60
549_MCSS56_1	AGTCGATCGGCTAGTC	60
550_MCSS56_1	AGTCGATCGGCTAGTC	60
553_MCSS56_1	AGTCGATCGGCTAGTC	60
557_MCSS56_1	AGTCGATCGGCTAGTC	60
560_MCSS56_1	AGTCGATCGGCTAGTC	60
561_MCSS56_1	AGTCGATCGGCTAGTC	60
566_MCSS56_1	AGTCGATCGGCTAGTC	60
575_MCSS56_1	AGTCGATCGGCTAGTC	60
577_MCSS56_1	AGTCGATCGGCTAGTC	60
578_MCSS56_1	ATTAG-TTGTCTGGAC	60
581_MCSS56_1	AGTCGATCGGCTAGT-	60
583_MCSS56_1	AGTCGATCGGCTAGTC	60
584_MCSS56_1	AGTGGATCGGCTAGTC	60
587_MCSS56_1	AAACGGTAGACAATTC	60
588_MCSS56_1	AGTCGATCGGCTAGTC	23
594_MCSS56_1	AGTCGATCGGCTAGTC	60
595_MCSS56_1	AGTCGATCGGCTAGTC	60
598_MCSS56_1	AGTCGATCGGCTAGTC	60
601_MCSS56_1	AGTCGATCGGCTAGTC	60
606_MCSS56_1	AGTCGATCGGCTAGTC	60
607_MCSS56_1	AGTCGATCGGCTAGTC	60
609_MCSS56_1	AGTCGATGGGCTAGTC	60
610_MCSS56_1	AGTCGATCGGCTAGTC	60
612_MCSS56_1	AGTCGATCGGCTAGTC	60
618_MCSS56_1	AGTCGATAGGCTAGTC	60
623_MCSS56_1	AGTCGATCGGCTAGTC	60
625_MCSS56_1	AGTCGATCGGCTAGTC	60
626_MCSS56_1	AGTCGATCGGCTAGTC	60
632_MCSS56_1	AGTCGATCGGCTAGTC	60
633_MCSS56_1	AGTCGATCGGCTAGTC	60
634_MCSS56_1	AGTCGATCGGCTAGTC	60
636_MCSS56_1	A----ATAGGCTAGAA	60
637_MCSS56_1	AGTCGATCGGCTAGTC	60
639_MCSS56_1	AGTCGATCGGCTAGTC	60
641_MCSS56_1	AGTCGATCGGCTAGTC	60
644_MCSS56_1	AGTCGATCGGCTAGTC	60
648_MCSS56_1	AGTCAATCGGCTGGTC	60
654_MCSS56_1	AGTCAATCGGCTAGTC	60
657_MCSS56_1	AGTCGATCGGCTAGTC	60
658_MCSS56_1	AGTCGATCGGCTAGTC	60
660_MCSS56_1	AGTCGATCGGCTAGTC	60
665_MCSS56_1	AGTCGATCGGCTAGTC	60
667_MCSS56_1	AGTCGATCGGCTAGTC	60
668_MCSS56_1	AGTCGATCGGCTAGTC	60
679_MCSS56_1	AGTCGATCGGCTAGTC	60
686_MCSS56_1	AGTCGATCGGCTAGTC	60
687_MCSS56_1	AGTCGATCGGCTAGTC	60
688_MCSS56_1	AGTCGATCGGCTAGTC	60
689_MCSS56_1	AGTCGATCGGCTAGTC	60
690_MCSS56_1	AGTCGATCGGCTAGTC	60
691_MCSS56_1	AGTCGATCGGCTAGTC	60
695_MCSS56_1	AGTCGATCGGCTAGTC	60
696_MCSS56_1	AGTCGATCGGCTAGTC	60
699_MCSS56_1	AGTCGATCGGCTAGTC	60
700_MCSS56_1	A----ATAGGCTAGAA	60
701_MCSS56_1	AGTCGATCGGCTAGTC	60
704_MCSS56_1	AGTCGATCGGCTAGTC	60
706_MCSS56_1	AGTCGATCGGCTAGTC	60
709_MCSS56_1	AGTCGATCGGCTAGTC	60
712_MCSS56_1	AGTCGATCGGCTAGTC	60
714_MCSS56_1	AGTCGATCGGCTAGTC	60
718_MCSS56_1	AGTCGATCGGCTAGTC	60
719_MCSS56_1	AGTCGATCGGCTAGTC	60
720_MCSS56_1	AGTCGATCGGCTAGTC	60
721_MCSS56_1	AGTCGATCGGCTAGTC	60
725_MCSS56_1	AGTCGATCGGCTAGTC	60
730_MCSS56_1	AGTCGATCGGCTAGTC	60
731_MCSS56_1	AGTCGATCGGCTAGTC	60
737_MCSS56_1	AGTCGATCGGCTAGTC	60
741_MCSS56_1	AGTCGATCGGCTAGTC	60
742_MCSS56_1	AGTCGATCGGCTAGTC	60
743_MCSS56_1	AGTCGATCGGCTAGTC	60
745_MCSS56_1	AGTCGATCGGCTAGTC	60
746_MCSS56_1	AGTCGATCGGCTAGTC	60
747_MCSS56_1	A----ATAGGCTAGAA	60
748_MCSS56_1	AGTCGATCGGCTAGTC	60
755_MCSS56_1	AGTCGATCGACTAGTC	60
760_MCSS56_1	AGTCGATCGGCTAGTC	60
763_MCSS56_1	AGTCGATCGGCTAGTC	60
764_MCSS56_1	AGTCGATCGGCTAGTC	60
772_MCSS56_1	AGTAGAT-GGCTGGTC	60
774_MCSS56_1	AGTCGATCGGCTAGTC	60
775_MCSS56_1	AGTCGATCGGCTAGTC	60
777_MCSS56_1	AGTCGATCGGCTAGTC	60
780_MCSS56_1	AGTCGATCGGCTAGTC	60
783_MCSS56_1	AGTCGATCGGCTAGTC	60
786_MCSS56_1	AGTCGATCGGCTAGTC	60
789_MCSS56_1	AGTCGATCGGCTAGTC	60
790_MCSS56_1	AGTCGATCGGCTAGTC	60
792_MCSS56_1	AGTCGATCGGCTAGTC	60
793_MCSS56_1	AGTCGATCGGCTAGTC	60
798_MCSS56_1	AGTCGATCGGCTAGTC	60
801_MCSS56_1	AGTCGATCGGCTAGTC	60
804_MCSS56_1	AGTCGATCGGCTCGTC	60
807_MCSS56_1	AGTCGATCGGCTAGTC	60
809_MCSS56_1	AGTCGATCGGCTAGTC	60
810_MCSS56_1	AGTCGATCGGCTAGTC	60
813_MCSS56_1	AGTCGATCGGCTAGTC	60
814_MCSS56_1	AGTCGATCGGCTAGTC	60
815_MCSS56_1	AGTCGATCGGCTAGTC	60
820_MCSS56_1	AGTCGATCGGCTAGTC	60
825_MCSS56_1	AGTCGATCGGCTAGTC	60
826_MCSS56_1	AGTCGATCGGCTAGTC	60
831_MCSS56_1	AGTCGATCGGCTAGTC	60
832_MCSS56_1	AGTCGATCGGCTAGTC	60
836_MCSS56_1	AGTCGATCGGCTAGTC	60
837_MCSS56_1	AGTCGATCGGCTAGTC	60
840_MCSS56_1	AGTCGATCGGCTAGTC	60
841_MCSS56_1	AGTCGATCGGCTAGTC	60
846_MCSS56_1	AGTCGATCGGCTAGTC	60
851_MCSS56_1	AGTCGATCGGCTAGTC	60
852_MCSS56_1	AGTCGATCGGCTAGTC	60
855_MCSS56_1	AGTCGATCGGCTAGTC	60
856_MCSS56_1	AGTAAATTGAACAG--	60
857_MCSS56_1	AGTCGATCGGCTAGTC	60
859_MCSS56_1	AGTCGATCGGCTAGTC	60
861_MCSS56_1	AGTCGATCGGCTAGTC	60
865_MCSS56_1	AGTCGATCGGCTAGTC	60
866_MCSS56_1	AGTCGATCGGCTAGTC	60
870_MCSS56_1	AGTCGATCGGCTAGTC	60
875_MCSS56_1	AGTCGATCGGCTAGTC	60
876_MCSS56_1	AGTCGATCGGCTAGTC	60
878_MCSS56_1	AGTCGATCGGCTAGTC	60
881_MCSS56_1	AGTCGATCGGCTAGTC	60
887_MCSS56_1	AGTCGATCGGCTAGTC	60
891_MCSS56_1	AGTCGATCGGCTAGTC	60
893_MCSS56_1	AGTCGATCGGCTAGTC	60
895_MCSS56_1	AGTCGATCGGCTAGTC	60
897_MCSS56_1	AGTCGATCGGCTAGTC	60
898_MCSS56_1	AGTCGATCGGCTAGTC	60
902_MCSS56_1	AGTCGATCGGCTAGT-	60
909_MCSS56_1	AGTCGATCGGCTAGTC	60
910_MCSS56_1	AGTCGATCGGCTAGTC	60
911_MCSS56_1	AGTCGATCGGCTACCC	60
913_MCSS56_1	AGTCGATCGGCTAGTC	60
916_MCSS56_1	AGTCGATCGGCTAGTC	60
921_MCSS56_1	AGTCGATCGGCTAGTC	60
925_MCSS56_1	AGTCGATCGGCTAGTC	60
926_MCSS56_1	AG--------------	60
930_MCSS56_1	AGTCGATCGGCTAGTC	60
933_MCSS56_1	AGTCGATCGGCTGGTC	60
935_MCSS56_1	AGTCGATCGGCTAGTC	60
936_MCSS56_1	AGTCGATCGGCTAGTC	60
941_MCSS56_1	AGTCGATCGGCTAGTC	60
942_MCSS56_1	AGTCGATCGGCTAGTC	60
945_MCSS56_1	AGTCGATCGGCTAGTC	60
946_MCSS56_1	AGTCGATCGGCTAGTC	60
948_MCSS56_1	AGTCGATCGGCTAGTC	60
949_MCSS56_1	TCTCGATCGGCTAGTC	60
950_MCSS56_1	AGTCGATCGGCTAGTC	60
951_MCSS56_1	AGTCGATCGGCTAGTC	60
954_MCSS56_1	AGTCGATCGGCTAGTC	60
957_MCSS56_1	AGTCGATCGGCTAGTC	60
958_MCSS56_1	AGTCGATCGGCTAGTC	60
959_MCSS56_1	AGTCGATCGGCTAGTC	60
962_MCSS56_1	AGTCAATCGGCTAGTC	60
967_MCSS56_1	AGTCGATCGGCTAGTC	60
968_MCSS56_1	AGTCGATCGGCTAGTC	60
969_MCSS56_1	AGTCGATCGGCTAGTC	60
980_MCSS56_1	A-TCGATCGGCTAGTC	60
982_MCSS56_1	AGTCGATCGGCTAGTC	60
983_MCSS56_1	AGTCGATCGGCTAGTC	60
985_MCSS56_1	AGTCGATCGGCTAGTC	60
987_MCSS56_1	AGTCGATCGGCTAGTC	60
997_MCSS56_1	AGTCGATCGGCTAGTC	60
999_MCSS56_1	AGTCGATCGGCTAGTC	60
1000_MCSS56_1	AGTCGATCGGCTAGTC	60
1001_MCSS56_1	AGTCGATCGGCTAGTC	60
1002_MCSS56_1	AGTCGATCGGCTAGTC	60
1006_MCSS56_1	A-TTGATTGACTAGAT	60
1009_MCSS56_1	AGTCGATCGGCTAGTC	60
1013_MCSS56_1	AGTCGATCGGCTAGTC	60
1015_MCSS56_1	AGTCGATCGGCTAGTC	60
1019_MCSS56_1	AGTCGATCGGCTAGTC	60
1021_MCSS56_1	AGTCGATCGGCTAGTC	60
1029_MCSS56_1	AGTGGATCGGCTAGTC	60
1030_MCSS56_1	AGTCGATCGGCTAGTC	60
1031_MCSS56_1	AGTCGATCGGCTAGTC	60
1032_MCSS56_1	AGTCGATCGGCTAGTC	60
1038_MCSS56_1	AGTCGATCGGCTAGTC	60
1039_MCSS56_1	AGTCGATCGGCTAGTC	60
1040_MCSS56_1	AGTCGATGGGCTAGTC	60
1043_MCSS56_1	AGTCGATCGGCTAGTC	60
1044_MCSS56_1	AGTC---CAGTTATTC	60
1047_MCSS56_1	AGTCGATCGGCTAGTC	60
1049_MCSS56_1	AGTCGATCGGCTAGTC	60
1055_MCSS56_1	AGTCGATCGGCTGGTC	60
1065_MCSS56_1	AGTCGATCGGCTAGTC	60
1068_MCSS56_1	AGTCGATCGGCTAGTC	60
1069_MCSS56_1	AGTCGATCGGCTAGTC	60
1081_MCSS56_1	AGTCGATCGGCTAGTC	60
1083_MCSS56_1	AGTCGATCGGCTAGTC	60
1085_MCSS56_1	AGTCGATCGGCTAGTC	60
1089_MCSS56_1	AGTCGATCGGCTAGTC	60
1091_MCSS56_1	A----ATAGGCTAGAA	60
1093_MCSS56_1	AGACGAT-GGAT-TTC	60
1094_MCSS56_1	AGTCGATCGGCTAGTC	60
1096_MCSS56_1	AGTCGATCGGCTAGTC	60
1098_MCSS56_1	AGTCGATCGGCTAGTC	60
1102_MCSS56_1	AGTCGATCGGCTAGTC	60
1103_MCSS56_1	AGTCGATCGGCTAGTC	60
1104_MCSS56_1	AGTCGATCGGCTAGTC	60
1107_MCSS56_1	AGTCGATCGGCTAGTC	60
1114_MCSS56_1	AGTCGATCGGCTAGTC	60
1116_MCSS56_1	AGTCGATCGGCTAGTC	60
1121_MCSS56_1	AGTCGATCGGCTAGTC	60
1123_MCSS56_1	AGTCGATCGGCTAGTC	60
1124_MCSS56_1	AGTCGATCGGCTAGTC	60
1126_MCSS56_1	AGTCGATCGGCTAGTC	60
1128_MCSS56_1	AGTCGATCGGCTAGTC	60
1130_MCSS56_1	AGTCGATCGGCTAGTC	60
1131_MCSS56_1	AGTCGATCGGCTAGTC	60
1133_MCSS56_1	AGTCGATCGGCTAGTC	60
1136_MCSS56_1	AGTCGATCGGCTAGTC	60
1138_MCSS56_1	AGTCGATCGGCTAGTC	60
1139_MCSS56_1	AGTCGATCGGCTAGTC	60
1144_MCSS56_1	AGTCGATCGGCTAGTC	60
1145_MCSS56_1	AGTCGATCGGCTAGTC	60
1146_MCSS56_1	AGTCGATCGGCTAGTC	60
1147_MCSS56_1	AGTCGATCGGCTAGTC	60
1148_MCSS56_1	AGTCGATCGGCTAGTC	60
1151_MCSS56_1	AGTCGATCGGCTAGTC	60
1152_MCSS56_1	AGTCGATCGGCTAGTC	60
1153_MCSS56_1	AGTCGATCGGCTAGTC	60
1158_MCSS56_1	AGTCGATCGGCTAGTC	60
1165_MCSS56_1	AGTCGATCGGCTAGTC	60
1168_MCSS56_1	AGTCGATCGGCTAGTC	60
1169_MCSS56_1	AGTCGATCGGCTAGTC	60
1171_MCSS56_1	AGTCGATCGGCTAGTC	60
1175_MCSS56_1	AGTGGATCGGCTAGTC	60
1176_MCSS56_1	AGTCGATCGGCTAGTC	60
1177_MCSS56_1	AGTCGATCGGCTAGTC	60
1178_MCSS56_1	AGTCGATCGGCTAGTC	60
1179_MCSS56_1	AGTCGATCGGCTAGTC	60
1180_MCSS56_1	AGTCGATCGGCTAGTC	60
1183_MCSS56_1	AGTCGATCGGCTAGTC	60
1184_MCSS56_1	AGTCGATCGGCTAGTC	60
1185_MCSS56_1	AGTCGATCGGCTAGTC	60
1187_MCSS56_1	AGTCGATCGGCTAGTC	60
1189_MCSS56_1	AGTCGATCGGCTAGTC	60
1190_MCSS56_1	AGTCGATCGGCTAGTC	60
1191_MCSS56_1	AGTCGATCGGCTAGTC	60
1193_MCSS56_1	AGTCGATCGGCTAGTG	60
1194_MCSS56_1	AGTCGATCGGCTAGTC	60
1199_MCSS56_1	AGTCGATCGGCTAGTC	60
1205_MCSS56_1	AGTCGATCGGCTAGTC	60
1210_MCSS56_1	AGTCGATCGGCTAGTC	60
1217_MCSS56_1	AGTCGATCGGCTAGTC	60
1220_MCSS56_1	AGTCGATCGGCTAGTC	60
1221_MCSS56_1	AGTCGATCGGCTAGTC	60
1225_MCSS56_1	AGTCGATCGGCTAGTC	60
1231_MCSS56_1	AGTCGATCGGCTAGTC	60
1232_MCSS56_1	AGTCGATCGGCTAGTC	60
1234_MCSS56_1	AGTCGATCGGCTAGTC	60
1238_MCSS56_1	AGTCGATCGGCTAGTC	60
1257_MCSS56_1	AGTCGATCGGCTAGTC	60
1259_MCSS56_1	AGTCGATCGGCTAGTC	60
1260_MCSS56_1	AGTCGATCGGCTAGTC	60
1262_MCSS56_1	AGTCGATCGGCTAGTC	60
1263_MCSS56_1	AGTCGATCGGCTAGTC	60
1267_MCSS56_1	AGTCAATCGGCTAGTC	60
1269_MCSS56_1	AGTCGATCGGCTAGTA	60
1271_MCSS56_1	AGTCGATCGGCTAGTC	60
1275_MCSS56_1	AGTCGATCGGCTAGTC	60
1276_MCSS56_1	AGTCGATCGGCTAGTC	60
1282_MCSS56_1	AGTCGATCGGCTAGTC	60
1285_MCSS56_1	AGTCGATCGGCTAGTC	60
1287_MCSS56_1	AGTCGATCGGCTAGTC	60
1292_MCSS56_1	AGTCGATCGGCTAGTC	60
1294_MCSS56_1	AGTCGATCGGCTAGTC	60
1297_MCSS56_1	AGTCGATCGGCTAGTC	60
1299_MCSS56_1	AGTCGATCGGCTAGTC	60
1300_MCSS56_1	AGTCGATCGGCTACTC	60
1301_MCSS56_1	AGTCGATCGGCTAGTC	60
1303_MCSS56_1	AGTCGATCGGCTAGTC	60
1305_MCSS56_1	AGTCGATCGGCTAGTC	60
1306_MCSS56_1	AGTCGATCGGCTAGTC	60
1307_MCSS56_1	A----ATAGGCTAGAA	60
1312_MCSS56_1	AGTCGATCGGCTAGTC	60
1314_MCSS56_1	AGTCGATCGGCTAGTC	60
1316_MCSS56_1	AGTCGATCGGCTAGTC	60
1319_MCSS56_1	AGTCGATCGGCTAGTC	60
1321_MCSS56_1	AGTCGATCGGCTAGTC	60
1325_MCSS56_1	AGTCGATCGGCTAGTA	60
1326_MCSS56_1	AGTCGATCGGCTAGTC	60
1328_MCSS56_1	AGTCGATCGGCTAGTC	60
1329_MCSS56_1	AGTCGATCGGCTAGTC	60
1333_MCSS56_1	AGTCGATCGGCTAGTC	60
1337_MCSS56_1	AGTCGATCGGCTAGTC	60
1338_MCSS56_1	AGTCGATCGGCTAGTC	60
1339_MCSS56_1	AGTCGATCGGCTAGTC	60
1341_MCSS56_1	AGTCGATCGGCTAGTC	60
1342_MCSS56_1	AGTCGATCGGCTAGTC	60
1343_MCSS56_1	AGTCAATCGGCTAGTC	60
1344_MCSS56_1	AGTCGATCGGCTAGTC	60
1347_MCSS56_1	AGTCGATCGGCTAGTC	60
1350_MCSS56_1	AGTCGATCGGCTAGTC	60
1352_MCSS56_1	AGTCGATCGGCTAGTC	60
1354_MCSS56_1	AGTCGATCGGCTAGTC	60
1358_MCSS56_1	AGTCGATCGGCTAGTC	60
1360_MCSS56_1	AGTCGATGGGCTAGTC	60
1361_MCSS56_1	AGTCGATCGGCTAGTC	60
1362_MCSS56_1	AGTCGATCGGCTAGTC	60
1363_MCSS56_1	AGTCGATCGGCTAGTC	60
1365_MCSS56_1	AGTCGATCGGCTAGTC	60
1367_MCSS56_1	AGTCGATCGGCTAGTC	60
1372_MCSS56_1	AGTCGATCGGCTAGTC	60
1375_MCSS56_1	AGTCGATCGGCTAGTC	60
1378_MCSS56_1	AGTCGATCGGCTAGTC	60
1381_MCSS56_1	GGTC-AT--ACTA-T-	60
1384_MCSS56_1	AGTCGATCGGCTAGTC	60
1388_MCSS56_1	AGTCGATCGGCTAGTC	60
1390_MCSS56_1	AGTCGATCGGCTAGTC	60
1392_MCSS56_1	AGTAAAT-ATCTAGTC	60
1394_MCSS56_1	AGTCGATCGGCTAGTC	60
1395_MCSS56_1	AGTCGATCGGCTAGTC	60
1396_MCSS56_1	AGTCGATCGGCTAGTC	60
1397_MCSS56_1	AGTCGATCGGCTAGTC	60
1401_MCSS56_1	AGTCGATCGGCTAGTC	60
1405_MCSS56_1	AGTCGATCGGCTAGTC	60
1406_MCSS56_1	AGTCGATCGGCTAGTC	60
1407_MCSS56_1	AGTCGATCGGCTAGTC	60
1409_MCSS56_1	AGTCGATCGGCTAGTC	60
1410_MCSS56_1	AGTCGATCGGCTAGTC	60
1413_MCSS56_1	AGTCGATGGGCTAGTC	60
1416_MCSS56_1	AGTCGATCGGCTAGTC	60
1417_MCSS56_1	AGTCGATCGGCTAGTC	60
1418_MCSS56_1	AGTCGATCGGCTAGTC	60
1421_MCSS56_1	AGTCGATCGGCTAGTC	60
1425_MCSS56_1	AGTCGATCGGCTAGTC	60
1430_MCSS56_1	AGTCGATCGGCTAGTC	60
1431_MCSS56_1	AGTCGATCGGCTAGTC	60
1432_MCSS56_1	AGTCGATCGGCTAGTC	60
1439_MCSS56_1	AGTCGATCGGCTAGTC	60
1440_MCSS56_1	AGTCGATCGGCTAGTC	60
1441_MCSS56_1	AGTCGATCGGCTAGTC	60
1443_MCSS56_1	AGTCGATCGGCTAGTC	60
1444_MCSS56_1	AGTCGATCGGCTAGTC	60
1445_MCSS56_1	AGTCGATCGGCTAGTC	60
1447_MCSS56_1	AGTCGATCGGCTAGTC	60
1448_MCSS56_1	AGTCGATCGGCTAGTC	60
1450_MCSS56_1	AGTCGATCGGCTAGTC	60
1454_MCSS56_1	AGTCGATCGGCTAGTC	60
1455_MCSS56_1	AGTCGATCGGCTAGTC	60
1456_MCSS56_1	AGTCGATC----AGTC	60
1457_MCSS56_1	AGTCGATCGGCTAGTC	60
1459_MCSS56_1	AGTCGATCGGCTAGTC	60
1466_MCSS56_1	AGTCGATCGGCTAGTC	60
1468_MCSS56_1	AGTCGATCGGCTAGTC	60
1469_MCSS56_1	AGTCGATCGGCTAGTC	60
1470_MCSS56_1	AGT-GATCGGCTAATC	60
1471_MCSS56_1	AGTCGATCGGCTAGTC	60
1472_MCSS56_1	AGTCGATCGGCTAGTG	60
1473_MCSS56_1	AGTCGATCGGCTAGTC	60
1474_MCSS56_1	AGTCGATCGGCTAGTC	60
1479_MCSS56_1	AGTCGATCGGCTAGTC	60
1481_MCSS56_1	AGTCGATCGGCTAGTC	60
1487_MCSS56_1	AGTCGATCGGCTAGTC	60
1490_MCSS56_1	AGTCGATCGGCTAGTC	60
1491_MCSS56_1	AGTCGATCGGCTAGTC	60
1492_MCSS56_1	AGTCGATCGGCTAGTC	60
1494_MCSS56_1	AGTCGATCGGCTAGTC	60
1501_MCSS56_1	AGTCGATCGGCTAGTC	60
1502_MCSS56_1	AGTCGATCGGCTAGTC	60
1504_MCSS56_1	AGTCGATCGGCTAGTC	60
1505_MCSS56_1	AGTCGATCGGCTAGTC	60
1508_MCSS56_1	AGTCGATCGGCTAGTC	60
1511_MCSS56_1	AGTCGATCGGCTAGTC	60
1512_MCSS56_1	AGTCGATCGGCTAGTC	60
1513_MCSS56_1	AGTCGATCGGCTAGTC	60
1514_MCSS56_1	AGTCGATCGGCTAGTC	60
1518_MCSS56_1	AGTCGATCGGCTAGTC	60
1519_MCSS56_1	AGTCGATCGGCTAGTC	60
1521_MCSS56_1	AGTCGATCGGCTAGTC	60
1527_MCSS56_1	AGTCGATCGGCTAGTC	60
1528_MCSS56_1	AGTCGATCGGCTAGTC	60
1538_MCSS56_1	AGTCGATCGGCTAGTC	60
1541_MCSS56_1	AGTCGATCGGCTAGTC	60
1542_MCSS56_1	AGTCGATCGGCTAGTC	60
1546_MCSS56_1	AGTCGATCGGCTAGTC	60
1547_MCSS56_1	AGTCGATCGGCTAGTC	60
1548_MCSS56_1	AGTCGATCGGCTAGTC	60
1550_MCSS56_1	AGTCGATCGGCTAGTC	60
1551_MCSS56_1	AGTCGATCGGCTAGTC	60
1556_MCSS56_1	AGTCGATCGGCTAGTC	60
1558_MCSS56_1	AGTCGATCGGCTAGTC	60
1559_MCSS56_1	AGTCGATCGGCTAGTC	60
1562_MCSS56_1	AGTCGATCGGCTAGTC	60
1564_MCSS56_1	AGTCGATCGGCTAGTC	60
1567_MCSS56_1	AGTCGATCGGCTAGTC	60
1571_MCSS56_1	AGTCGATCGGCTAGTC	60
1574_MCSS56_1	AGTCGATCGGCTAGTC	60
1575_MCSS56_1	AGTCGATCGGCTAGTC	60
1578_MCSS56_1	AGTCGATCGGCTAGTC	60
1579_MCSS56_1	AGTCGATCGGCTAGTC	60
1581_MCSS56_1	AGTCGATCGGCTAGTC	60
1583_MCSS56_1	AGTCGATCGGCTAGTC	60
1585_MCSS56_1	AGTCGATCGGCTAGTC	60
1588_MCSS56_1	AGTCGATCGGCTAGTC	60
1592_MCSS56_1	AGTCGATCGGCTAGTC	60
1593_MCSS56_1	AGTCGATCGGCTAGTC	60
1594_MCSS56_1	ATACACTCGGCTAGGG	60
1597_MCSS56_1	AGTCGATCGGCTAGTC	60
1598_MCSS56_1	AGTCGATCGGCTAGTC	60
1600_MCSS56_1	AGTCGATCGGCTAGTC	60
1602_MCSS56_1	AGTCGATGGGCTAGTC	60
1603_MCSS56_1	AGTCGATCGGCTAGTC	60
1606_MCSS56_1	AGTCGATCGGCTAGTC	60
1608_MCSS56_1	AGTCGATCGGCTAGTC	60
1609_MCSS56_1	AGTCGATCGGCTAGTC	60
1613_MCSS56_1	AGTCGATCGGCTAGTC	60
1616_MCSS56_1	AGTCGATCGGCTAGTC	60
1618_MCSS56_1	AGTCGATCGGCTAGTC	60
1620_MCSS56_1	AGTCGATCGGCTAGTC	60
1621_MCSS56_1	AGTCGATCGGCTAGTC	60
1622_MCSS56_1	AGTCGATCGGCTAGTC	60
1625_MCSS56_1	AGTCGATCGGCTAGTC	60
1630_MCSS56_1	AGTCGATCGGCTAGTC	60
1633_MCSS56_1	AGTCGATCGGCTAGTC	60
1634_MCSS56_1	AGTCGATCGGCTAGTC	60
1642_MCSS56_1	AGTCGATCGGCTAGTC	60
1643_MCSS56_1	AGTCGATCGGCTAGTC	60
1644_MCSS56_1	AGTGGATCGGCTCGTC	60
1645_MCSS56_1	AGTCGATCGGCTAGTC	60
1652_MCSS56_1	AGTCGATCGGCTAGTC	60
1655_MCSS56_1	AGTCGATCGGCTAGTC	60
1656_MCSS56_1	AGTCGATCGGCTAGTC	60
1659_MCSS56_1	AGTCGATCGGCTAGTC	60
1660_MCSS56_1	AGTCGATCGGCTAGTC	60
1661_MCSS56_1	AGTCGATGGGCTGGTC	60
1662_MCSS56_1	AGTCGATCGGCTAGTC	60
1666_MCSS56_1	AGTCGATCGGCTAGTC	60
1667_MCSS56_1	AGTCGATCGGCTAGTC	60
1671_MCSS56_1	AGTCGATCGGCTAGTC	60
1673_MCSS56_1	AGTCGATCGGCTAGTC	60
1674_MCSS56_1	AGTCGATCGGCTAGTC	60
1675_MCSS56_1	AGTCGATCGGCTAGTC	60
1678_MCSS56_1	A-TCGA-CGGCTAGGG	60
1682_MCSS56_1	AGTCGATCGGCTAGTC	60
1687_MCSS56_1	AGTCGATCGGCTAGTC	60
1688_MCSS56_1	AGTCGATCGGCTAGTC	60
1689_MCSS56_1	AGTCGATCGGCTAGTC	60
1691_MCSS56_1	AGTCGATCGGCTCGTC	60
1694_MCSS56_1	AGTCGATCG----GTC	60
1697_MCSS56_1	AGTCGATCGGCTAGTC	60
1700_MCSS56_1	AGTCGATCGGCTAGTC	60
1702_MCSS56_1	AGTCGATCGGCTAGTC	60
1704_MCSS56_1	AGTCGATCGGCTAGTC	60
1705_MCSS56_1	AGTCGATCGGCTAGTC	60
1706_MCSS56_1	AGTCGATCGGCTAGTC	60
1707_MCSS56_1	AGTCGATCGGCTAGTC	60
1716_MCSS56_1	AGTCGATCGGCTAGTC	60
1721_MCSS56_1	AGTCGATCGGCTAGTC	60
1723_MCSS56_1	AGTCGATCGGCTAGTC	60
1725_MCSS56_1	AGTCGATCGGCTAGTC	60
1727_MCSS56_1	AGTCGATCGGCTAGTC	60
1729_MCSS56_1	AGTCGATCGGCTAGTC	60
1732_MCSS56_1	AGTCGATGGGCTAGTC	60
1735_MCSS56_1	AGTCGATCGGCTAATC	60
1736_MCSS56_1	AGTCGATCGGCTAGTC	60
1737_MCSS56_1	AGTCGATCGGCTAGTC	60
1738_MCSS56_1	AGTCGATCGGCTAGTC	60
1744_MCSS56_1	AGTCGATCGGCTAGTC	60
1759_MCSS56_1	AGTCGATCGGCTAGTC	60
1764_MCSS56_1	AGTCGATCGGCTAGTC	60
1768_MCSS56_1	AGTCGATCGGCTAGTC	60
1772_MCSS56_1	AGTCGATCGGCTAGTC	60
1773_MCSS56_1	AGTCGATCGGCTAGTC	60
1774_MCSS56_1	AGTCGATCGGCTAGTC	60
1775_MCSS56_1	AGTCGATCGGCTAGTC	60
1776_MCSS56_1	AGTCGATCGGCTAGTC	60
1785_MCSS56_1	AGTCGATCGGCTAGTC	60
1786_MCSS56_1	AGTCGATCGGCTAGTC	60
1787_MCSS56_1	AGTCGATCGGCTAGTC	60
1791_MCSS56_1	AGTCGATCGGCTAGTC	60
1792_MCSS56_1	AGTCGATCGGCTAGTC	60
1793_MCSS56_1	AGTCGATCGGCTAGTC	60
1794_MCSS56_1	AGTCGATCGGCTAGTC	60
1796_MCSS56_1	AGTCGATCGGCTAGTC	60
1798_MCSS56_1	AGTCGATCGGCTAGTC	60
1800_MCSS56_1	AGTCGATCGGCTAGTC	60
1801_MCSS56_1	AGTCGATCGGCTAGTC	60
1804_MCSS56_1	AGTCGATCGGCTAGTC	60
1806_MCSS56_1	AGTCGATCGGCTAGTC	60
1808_MCSS56_1	AGTCGATCGGCTAGTC	60
1810_MCSS56_1	AGTCGATCGGCTAGTC	60
1811_MCSS56_1	AGTCGATCGGCTAGTC	60
1813_MCSS56_1	AGTCGATCGGCTAGTC	60
1814_MCSS56_1	AGTCGATCGGCTAGTC	60
1817_MCSS56_1	AGTCGATCGGCTAGTC	60
1819_MCSS56_1	AGTCGATCGGCTAGTT	60
1824_MCSS56_1	AGTCGATCGGCTAGTC	60
1825_MCSS56_1	AGTCGATCGGCTAGTC	60
1827_MCSS56_1	AGTCGATCGGCTAGTC	60
1828_MCSS56_1	AGTCGATCGGCTAGTC	60
1830_MCSS56_1	AGTCGATCGGCTAGTC	60
1832_MCSS56_1	AGTCGATCGGCTAGTC	60
1833_MCSS56_1	AGTCGATCGGCTAGTC	60
1842_MCSS56_1	AGTCGATCGGCTAGTC	60
1846_MCSS56_1	AGTCGATCGGCTAGTC	60
1849_MCSS56_1	AGTCGATCGGCTAGTC	60
1851_MCSS56_1	AGTCGATCGGCTAGTC	60
1853_MCSS56_1	AGTCGATCGGCTAGTC	60
1854_MCSS56_1	AGTCGATCGGCTAGTC	60
1861_MCSS56_1	AGTCGATCGGCTAGTC	60
1862_MCSS56_1	AGTCGATCGGCTAGTC	60
1863_MCSS56_1	AGTCGATCGGCTAGTC	60
1866_MCSS56_1	AGTCGATCGGCTAGTC	60
1867_MCSS56_1	AGTCGATCGGCTAGTC	60
1875_MCSS56_1	AGTCGATCGGCTAGTC	60
1879_MCSS56_1	AGTCGATCGGCTAGTC	60
1880_MCSS56_1	AGTCGATCGGCTAGTC	60
1881_MCSS56_1	AGTCGATCGGCTAGTC	60
1888_MCSS56_1	AGTCGATCGGCTAGTC	60
1893_MCSS56_1	AGTCGATCGGCTAGTC	60
1894_MCSS56_1	AGTCGATCGGCTAGTC	60
1896_MCSS56_1	AGTCGATCGGCTAGTC	60
1899_MCSS56_1	AGTCGATCGGCTAGTC	60
1900_MCSS56_1	AGTCGATCGGCTAGTC	60
1901_MCSS56_1	AGTCGATCGGCTAGTC	60
1903_MCSS56_1	AGTCGATCGGCTAGTC	60
1904_MCSS56_1	AGTCGATCGGCTAGTC	60
1905_MCSS56_1	AGTCGATCGGCTAGTC	60
1907_MCSS56_1	AGTCGATCGGCTAGTC	60
1908_MCSS56_1	AGTCGATCGGCTAGTC	60
1913_MCSS56_1	AGTCGATCGGCTAGTC	60
1914_MCSS56_1	AGTCGATCGGCTAGTC	60
1915_MCSS56_1	AGTCGATCGGCTAGTC	60
1918_MCSS56_1	AGTCGATCGGCTAGTC	60
1919_MCSS56_1	AGTCAATCGGCTAGTC	60
1920_MCSS56_1	AGTCGATCGGCTAGTC	60
1923_MCSS56_1	AGTCGATCGGCTAGTC	60
1925_MCSS56_1	AGTCGATCGGCTAGTC	60
1926_MCSS56_1	AGTCGATCGGCTAGTC	60
1931_MCSS56_1	AGTCGATCGGCTAGTC	60
1936_MCSS56_1	AGTCGATCGGCTAGTC	60
1937_MCSS56_1	AGTCGATCGGCTAGTC	60
1940_MCSS56_1	AGTAGATCGGCTAGT-	60
1944_MCSS56_1	AGTCGATCGGCTAGTC	60
1946_MCSS56_1	AGTCGATCGGCTAGTC	60
1947_MCSS56_1	AGTCGATCGGCTAGTC	60
1949_MCSS56_1	AGTCGATCGGCTAGTC	60
1951_MCSS56_1	AGTCGATCGGCTAGT-	60
1953_MCSS56_1	AGTCGATCGGCTAGTC	60
1954_MCSS56_1	AGTCGATCGGCTAGTG	60
1956_MCSS56_1	AGTCGATCGGCTAGTC	60
1957_MCSS56_1	AGTCGATCGGCTAGTC	60
1961_MCSS56_1	AGTCGATCGGCTAGTC	60
1962_MCSS56_1	AGTCGATCGGCTAGTC	60
1965_MCSS56_1	AGTCGATCGGCTAGTC	60
1966_MCSS56_1	AGTCGATCGGCTAGTC	60
1967_MCSS56_1	AGTCGATCGGCTAGTC	60
1970_MCSS56_1	AGTCGATCGGCTAGTC	60
1973_MCSS56_1	AGTCGATCGGCTAGTC	60
1974_MCSS56_1	AGTCGATCGGCTAGTC	60
1975_MCSS56_1	AGTCGATCGGCTAGTC	60
1979_MCSS56_1	AGTCGATCGGCTAGTC	60
1980_MCSS56_1	AGTCGATCGGCTAGTC	60
1982_MCSS56_1	AGTCGATCGGCTAGTC	60
1983_MCSS56_1	AGTCGATCGGCTAGTC	60
1989_MCSS56_1	AGTCGATCGGCTAGTC	60
1993_MCSS56_1	AGTCGATCGGCTAGTC	60
1996_MCSS56_1	AGTCGATCGGCTAGTC	60
1998_MCSS56_1	AGGTTTTTGGTTA-TA	60
1999_MCSS56_1	AGTCGATCGGCTAGTC	60
2000_MCSS56_1	AGTCGATCGGCTAGTC	60
2003_MCSS56_1	AGTCGATCGGCTAGTC	60
2005_MCSS56_1	AGTCGATCGGCTAGTC	60
2007_MCSS56_1	AGTCGATCGGCTAGTC	60
2009_MCSS56_1	AGTCGATCGGCTAGTC	60
2011_MCSS56_1	AGTCGATCGGCTAGTC	60
2012_MCSS56_1	AGTCGATCGGCTAGTC	60
2018_MCSS56_1	AGTCGATCGGCTAGTC	60
2020_MCSS56_1	AGTCGATCGGCTAGTC	60
2021_MCSS56_1	AGTCGATCGGCTAGTC	60
2025_MCSS56_1	AGTCGATCGGCTAGTC	60
2027_MCSS56_1	AGTCGATCGGCTAGTC	60
2033_MCSS56_1	AGTCGATCGGCTAGTC	60
2037_MCSS56_1	AGTCGATCGGCTAGTC	60
2039_MCSS56_1	AGTCGATCGGCTAGTC	60
2045_MCSS56_1	AGTCGATCGGCTAGTC	60
2046_MCSS56_1	AGTCGATCGGCTAGTC	60
2047_MCSS56_1	AGTCGATCGGCTAGTC	60
2062_MCSS56_1	AGTCGATCGGCTAGTC	60
2064_MCSS56_1	AGTCGATCGGCTAGTC	60
2065_MCSS56_1	AGTCGATCGGCTAGTC	60
2067_MCSS56_1	AGTCGATCGGCTAGTC	60
2069_MCSS56_1	AGTCGATCGGCTAGTC	60
2077_MCSS56_1	AGTCGATCGGCTAGTC	60
2079_MCSS56_1	AGTCGATCGGCTGGTC	60
2082_MCSS56_1	AGTCGATCGGCTAGTC	60
2086_MCSS56_1	AGTCGATCGGCTAGTC	60
2087_MCSS56_1	AGTCGATCGGCTAGTC	60
2090_MCSS56_1	AGTCGATCGGCTAGTC	60
2091_MCSS56_1	AGTCGATCGGCTAGTC	60
2092_MCSS56_1	AGTCGATCGGCTAGTC	60
2094_MCSS56_1	AGTCGATCGGCTAGTC	60
2095_MCSS56_1	AGTCGATCGGCTAGTC	60
2096_MCSS56_1	AGTCGATCGGCTAGTC	60
2099_MCSS56_1	AGTCGATCGGCTAGTC	60
2105_MCSS56_1	AGTCGATCGGCTAGTC	60
2106_MCSS56_1	AGTCGATCGGCTAGTC	60
2107_MCSS56_1	AGTCGATCGGCTAGTC	60
2108_MCSS56_1	AGTCGATCGGCTAGTC	60
2110_MCSS56_1	AGTCGATCGGCTAGTC	60
2118_MCSS56_1	AGTCGATCGGCTAGTC	60
2119_MCSS56_1	AGTCGATCGGCTAGTC	60
2123_MCSS56_1	AGTCGATCGGCTAGTC	60
2124_MCSS56_1	AGTCGATCGGCTAGTC	60
2125_MCSS56_1	AGTCGATCGGCTAGTC	60
2126_MCSS56_1	AGTCGATCGGCTAGTC	60
2127_MCSS56_1	AGTCGATCGGCTAGTC	60
2130_MCSS56_1	AGTCGATCGGCTAGTC	60
2133_MCSS56_1	AGTCGATCGGCTAGTC	60
2136_MCSS56_1	AGTCGATCGGCTAGTC	60
2137_MCSS56_1	AGTCGATCGGCTAGTC	60
2141_MCSS56_1	AGTCGATCGGCTAGTC	60
2142_MCSS56_1	AGTCGATCGGCTAGTC	60
2143_MCSS56_1	AGTCGATCGGCTAGTC	60
2145_MCSS56_1	AGTCGATCGGCTAGTC	60
2148_MCSS56_1	AGTCGATCGGCTAGTC	60
2149_MCSS56_1	AGTCGATCGGCTAGTC	60
2151_MCSS56_1	AGTCGATCGGCTAGTC	60
2152_MCSS56_1	AGTCGATCGGCTAGTC	60
2153_MCSS56_1	AGTCGATCGGCTAGTC	60
2156_MCSS56_1	AGTCGATCGGCTAGTC	60
2160_MCSS56_1	AGTCGATCGGCTAGTC	60
2162_MCSS56_1	AGTCGATCGGCTAGTC	60
2164_MCSS56_1	AGTCGATCGGC---TC	60
2167_MCSS56_1	AGTCGATCGGCTAGTC	60
2168_MCSS56_1	AGTCGATCGGCTAGTC	60
2171_MCSS56_1	AGTCGATCGGCTAGTC	60
2172_MCSS56_1	AGTCGATCGGCTAGTC	60
2173_MCSS56_1	AGTGGATGGGTCAGTC	60
2175_MCSS56_1	AGTCGATCGGCTAGTC	60
2177_MCSS56_1	AGTCGATCGGCTAGTC	60
2179_MCSS56_1	AGTCGATCGGCTAGTC	60
2180_MCSS56_1	AGTCGATCGGCTAGTC	60
2183_MCSS56_1	AGTCGATCGGCTAGTC	60
2184_MCSS56_1	AGTCGATCGGCTAGTC	60
2185_MCSS56_1	AGTCGATCGGCTAGTC	60
2189_MCSS56_1	A----ATAGGCTAGAA	60
2190_MCSS56_1	AGTCGATCGGCTAGTC	60
2193_MCSS56_1	AGTCGATCGGCTAGTC	60
2196_MCSS56_1	AGTCGATCGGCTAGTC	60
2203_MCSS56_1	AGTCGATCGGCTAGTC	60
2204_MCSS56_1	AGTCGATCGGCTAGTC	60
2206_MCSS56_1	AGTCGATCGGCTAGTC	60
2212_MCSS56_1	AGTCGATCGGCTAGTC	60
2214_MCSS56_1	AGTCGATCGGCTAGTC	60
2217_MCSS56_1	AGTCGATCGGCTAGTC	60
2218_MCSS56_1	AGTCGATCGGCTAGTC	60
2223_MCSS56_1	AGTCGATCGGCTAGTC	60
2226_MCSS56_1	AGTCGATCGGCTAGTC	60
2227_MCSS56_1	AGTCGATCGGCTAGTC	60
2229_MCSS56_1	AGTCGATCGGCTAGTC	60
2232_MCSS56_1	AGTCGATCGGCTAGTC	60
2233_MCSS56_1	AGTCGATCGGCTAGTC	60
2234_MCSS56_1	AGTCGATCGGCTAGTC	60
2235_MCSS56_1	AGTCGATCGGCACATC	60
2236_MCSS56_1	AGTCGATCGGCTAGTC	60
2237_MCSS56_1	AGTCGATCGGCTAGTC	60
2238_MCSS56_1	AGTCGATCGGCTAGTC	60
2239_MCSS56_1	AGTCGATCGGCTAGTC	60
2241_MCSS56_1	AGTCGATCGGCTAGTC	60
2242_MCSS56_1	AGTCGATCGGCTAGTC	60
2243_MCSS56_1	AGTCGATCGGCTAGTC	60
2245_MCSS56_1	AGTCGATCGGCTAGTC	60
2246_MCSS56_1	AGTCGATCGGCTAGTC	60
2247_MCSS56_1	AGTCGATCGGCTAGTC	60
2249_MCSS56_1	AGTCGATCGGCTAGTC	60
2251_MCSS56_1	AGTCGATCGGCTAGTC	60
2252_MCSS56_1	AGTCGATCGGCTAGTC	60
2255_MCSS56_1	AGTCGATCGGCTAGTC	60
2256_MCSS56_1	AGACGGACGGTTTGTA	60
2257_MCSS56_1	AGTCGATCGGCTAGTC	60
2258_MCSS56_1	AGTCGATCGGCTAGTC	60
2260_MCSS56_1	AGTCGATCGGCTAGTC	60
2261_MCSS56_1	AGTCGATCGGCTAGTC	60
2265_MCSS56_1	AGTCGATCGGCTAGTC	60
2266_MCSS56_1	AGGC-AT--GTAAGTC	60
2270_MCSS56_1	AGTCGATCGGCTAGTC	60
2272_MCSS56_1	AGTCGATCGGCTAGTC	60
2275_MCSS56_1	AGTCGATCGGCTAGTC	60
2278_MCSS56_1	AGTCGATCGGCTAGTC	60
2281_MCSS56_1	AGTCGATCGGCTAGTC	60
2283_MCSS56_1	AGTCGATCGGCTAGTC	60
2286_MCSS56_1	AGTCGATCGGCTAGTC	60
2289_MCSS56_1	AGTCGATCGGCTAGTC	60
2290_MCSS56_1	AGTCGATCGGCTAGTC	60
2296_MCSS56_1	AGTCGATCGGCTAGTC	60
2297_MCSS56_1	AGTCGATCGGCTAGTC	60
2301_MCSS56_1	AGTCGATCGGCTAGTC	60
2302_MCSS56_1	AGTCGATCGGCTAGTC	60
2303_MCSS56_1	AGTCGATCGGCTCGTC	60
2305_MCSS56_1	AGTCGATCGGCTAGTC	60
2308_MCSS56_1	AGTCGATCGGCTAGTC	60
2309_MCSS56_1	AGTCGATCGGCTAGTC	60
2310_MCSS56_1	AGTCGATCGGCTAGTC	60
2312_MCSS56_1	AGT-GATCGGCTAGTC	60
2313_MCSS56_1	AGTCGATCGGCTAGTC	60
2314_MCSS56_1	AGTCGATCGGCTAGTC	60
2317_MCSS56_1	AGTCGATCGGCTAGTC	60
2318_MCSS56_1	AGTCGATCGGCTAGTC	60
2321_MCSS56_1	AGTCGATCGGCTAGTC	60
2322_MCSS56_1	AGTCGATCGGCTAGTC	60
2323_MCSS56_1	AGTCGATCGGCTAGTC	60
2326_MCSS56_1	AGACGA--GTCTAGAT	30
2328_MCSS56_1	AGTCGATCGGCTAGTC	60
2329_MCSS56_1	AGTCGATCGGCTAGTC	60
2331_MCSS56_1	AGT--AAC--CTAGAC	60
2333_MCSS56_1	ATTCCTTATGAGAGTG	60
2335_MCSS56_1	AGTAGAT-GGCTAGT-	60
2337_MCSS56_1	AATTGATTATATATTG	36
2342_MCSS56_1	AGTCGATCGGCTAGTC	60
2343_MCSS56_1	AGTCGATCGGCTAGTC	60
2350_MCSS56_1	AGTCGATCGGCTAGTC	60
2351_MCSS56_1	AGTCGATCGGCTAGTC	60
2352_MCSS56_1	AGTCGATCGGCTAGTC	60
2353_MCSS56_1	AGTCGATCGGCTAGTC	60
2356_MCSS56_1	AGTCGATCGGCTAGTC	60
2361_MCSS56_1	AGTCGATCGGCTAGTC	60
2363_MCSS56_1	AGTCGATCGGCTAGTC	60
2366_MCSS56_1	AGTCGATCGGCTAGTC	60
2368_MCSS56_1	AGTCGATCGGCTAGTC	60
2369_MCSS56_1	AGTCGATCGGCTAGTC	60
2370_MCSS56_1	AGTCGATCGGCTAGTC	60
2371_MCSS56_1	AGTCGATCGGCTAGTC	60
2380_MCSS56_1	AGTCGATCGGCTAGTC	60
2381_MCSS56_1	AGTCGATCGGCTAGTC	60
2384_MCSS56_1	AGTCGATCGGCTAGTC	60
2385_MCSS56_1	AGTCGATCGGCTAGTC	60
2386_MCSS56_1	AGTCGA-----TAGTC	60
2387_MCSS56_1	AGTCGATCGGCTAGTC	60
2393_MCSS56_1	AGTCGATCGGCTAGTC	60
2394_MCSS56_1	AGTCGATCGGCTAGTC	60
2397_MCSS56_1	AGTCGATCGGCTAGTC	60
2401_MCSS56_1	AGTCGATCGGCTAGTC	60
2402_MCSS56_1	AGTCGATCGGCTAGTC	60
2404_MCSS56_1	AGTCGATCGGCTAGTC	60
2405_MCSS56_1	AGTCGATCGGCTCGTC	60
2409_MCSS56_1	AGTCGATCGGCTAGTC	60
2412_MCSS56_1	AGTCGATCGGCTAGTC	60
2414_MCSS56_1	AGTCGATCGGCTAGTC	60
2416_MCSS56_1	AGTCGATCGGCTAGTC	60
2418_MCSS56_1	AGTCGATCGGCTAGTC	60
2419_MCSS56_1	AGTCGATCGGCTAGTC	60
2421_MCSS56_1	AGTCGATGGGCTAGTC	60
2422_MCSS56_1	AGTCGATCGGCTAGTC	60
2429_MCSS56_1	AGTCGATCGGCTAGTC	60
2436_MCSS56_1	AGTCGATCGGCTAGTC	60
2437_MCSS56_1	AGTCGATCGGCTAGTC	60
2438_MCSS56_1	AGTCGATCGGCTAGTC	60
2439_MCSS56_1	AGTCGATCGGCTAGTC	60
2440_MCSS56_1	AGTCGATCGGCTAGTC	60
2441_MCSS56_1	AGTCGATCGGCTAGTC	60
2447_MCSS56_1	AGTCGATCGGCTAGTC	60
2448_MCSS56_1	AGTCGATCGGCTAGT-	60
2454_MCSS56_1	AGTCGATCGGCTAGTC	60
2457_MCSS56_1	AGTCGATCGGCTAGTC	60
2459_MCSS56_1	AGTCGATCGGCTAGTC	60
2460_MCSS56_1	AGTCGATCGGCTAGTC	60
2461_MCSS56_1	AGTCGATCGGCTAGTC	60
2465_MCSS56_1	AGTCGATCGGCTAGTC	60
2466_MCSS56_1	AGTCGATCGGCTAGTC	60
2468_MCSS56_1	AGTCGATCGGCTAGTC	60
2475_MCSS56_1	AGTCGATCGGCTAGTC	60
2476_MCSS56_1	AGTCGATCGGCTCGTC	60
2479_MCSS56_1	AGTCGATCGGCTAGTC	60
2480_MCSS56_1	AGTCGATCGGCTAGTC	60
2483_MCSS56_1	AGTCGATCGGCTAGTC	60
2484_MCSS56_1	AGTCGATCGGCTAGT-	60
2489_MCSS56_1	AGTCGATCGGCTAGTC	60
2492_MCSS56_1	AGTCGATCGGCTAGTC	60
2493_MCSS56_1	AGTCGATCGGCTAGTC	60
2496_MCSS56_1	AGTCGATCGGCTAGTC	60
2499_MCSS56_1	AGTCGATCGGCTAGTC	60
2500_MCSS56_1	AGTCGATCGGCTAGTC	60
2501_MCSS56_1	AGTCGATCGGCTAGTC	60
2503_MCSS56_1	AGTCGATCGGCTAGCC	60
2504_MCSS56_1	AGTCGATCGGCTAGTC	60
2505_MCSS56_1	AGTCGATCGGCTAGTC	60
2506_MCSS56_1	AGTCGATCGGCTAGTC	60
2513_MCSS56_1	AGTCGATCGGCTAGTC	60
2514_MCSS56_1	AGTCGATCGGCTAGTC	60
2515_MCSS56_1	AGTCGATCGGCTAGTC	60
2517_MCSS56_1	AGTCGATCGGCTAGTA	60
2520_MCSS56_1	AGTCGATCGGCTAGTC	60
2529_MCSS56_1	AGTCGATCGGCTAGTC	60
2535_MCSS56_1	AGTCGATCGGCTAGTC	60
2536_MCSS56_1	AGTCGATCGGCTAGTC	60
2538_MCSS56_1	AGTCATTCAACTAGTC	60
2539_MCSS56_1	AGTCGATCGGCTAGTC	60
2541_MCSS56_1	AGTCGATCGGCTAGTC	60
2544_MCSS56_1	AGTCGAT-GGCTAGTC	60
2546_MCSS56_1	AGTCGATGGGCTAGTC	60
2547_MCSS56_1	AGTCGATCGGCTAGTC	60
2550_MCSS56_1	AGTCGATCGGCTAGTC	60
2553_MCSS56_1	AGTCGATCGGCTAGTC	60
2554_MCSS56_1	AGTCGATCGGCTAGTC	60
2555_MCSS56_1	AGTCGATCGGCTAGTC	60
2556_MCSS56_1	AGTCGATCGGCTAGTC	60
2557_MCSS56_1	AGTCGATCGGCTAGTC	60
2563_MCSS56_1	AGTCGATCGGCTAGTC	60
2564_MCSS56_1	AGTCGATCGGCTAGTC	60
2565_MCSS56_1	AGTCGATCGGCTAGTC	60
2566_MCSS56_1	AGTCGATCGGCTAGTC	60
2570_MCSS56_1	AGTCGATCGGCTAGTC	60
2571_MCSS56_1	AGTCGATCGGCTAGTC	60
2576_MCSS56_1	AGTCGATCGGCTAGTC	60
2578_MCSS56_1	AGTCGATCGGCTAGTC	60
2582_MCSS56_1	AGTCGATCGGCTAGTC	60
2584_MCSS56_1	AGTCGATCGGCTAGTC	60
2586_MCSS56_1	AGTCGATCGGCTAGTC	60
2587_MCSS56_1	AGTCGATCGGCTAGTC	60
2592_MCSS56_1	AGTCGATCGGCTAGTC	60
2594_MCSS56_1	AGTCGATCGGCTAGTC	60
2595_MCSS56_1	AGTCGATCGGCTAGTC	60
2597_MCSS56_1	AGTCGATCGGCTAGTC	60
2599_MCSS56_1	AGTCGATCGGCTAGTC	60
2601_MCSS56_1	AGTCGATCGGCTAGTC	60
2609_MCSS56_1	AGTCGATCGGCTAGTC	60
2613_MCSS56_1	AGTCGATCGGCTAATC	60
2615_MCSS56_1	AGTCGATCGGCTAGTC	60
2616_MCSS56_1	AGTCGATCGGCTAGTC	60
2617_MCSS56_1	AGTCGATCGGCTAGTC	60
2621_MCSS56_1	AGTCGATCGGCTAGTC	60
2625_MCSS56_1	AGTCGATCGGCTAGTC	60
2626_MCSS56_1	AGTCGATCGGCTAGTC	60
2627_MCSS56_1	AGTCGATCGGCTAGTC	60
2628_MCSS56_1	AGTCGATCGGCTAGTC	60
2629_MCSS56_1	AGTCGATCGGCTAGTC	60
2633_MCSS56_1	AGTCGATCGGCTAGTC	60
2641_MCSS56_1	AGTCGATCGGCTAGTC	60
2642_MCSS56_1	AGTCGATCGGCTAGTC	60
2643_MCSS56_1	AGTCGATCGGCTAGTC	60
2644_MCSS56_1	AGTC-AAAGG-T-GAC	60
2645_MCSS56_1	A----ATAGGCTAGAA	28
2649_MCSS56_1	AGTCGATCGGCTAGTC	60
2650_MCSS56_1	AGTCGATCGGCTAGTC	60
2655_MCSS56_1	AGTCGATCGGCTAGTC	60
2656_MCSS56_1	AGTCGATCGGCTAGTC	60
2659_MCSS56_1	AGTCGATCGGCTAGTC	60
2661_MCSS56_1	AGTCGATCGGCTAGTC	60
2663_MCSS56_1	AGTCGATCGGCTAGTC	60
2664_MCSS56_1	AGTCGATCGGCTAGTC	60
2666_MCSS56_1	AGTCGATCGGCTAGTC	60
2668_MCSS56_1	AGTCGATCGGCTAGTC	60
2669_MCSS56_1	AGTCGATCGGCTAGTC	60
2671_MCSS56_1	AGTCGATCGGCTGGTC	60
2672_MCSS56_1	AGTCGATCGGCTAGTC	60
2674_MCSS56_1	AGTGGATCGGCTAAGC	60
2675_MCSS56_1	AGTCGATCGGCTAGTC	60
2676_MCSS56_1	AGTCGATCGGCTAGTC	60
2682_MCSS56_1	AGTCGATCGGCTAGTC	60
2686_MCSS56_1	AGTCGATCGGCTAGTC	60
2688_MCSS56_1	AGTCGATCGGCTAGTC	60
2694_MCSS56_1	AGTCGATCGGCTAGTC	60
2696_MCSS56_1	AGTCGATCGGCTAGTC	60
2698_MCSS56_1	AGTCGATCGGCTAGTC	60
2699_MCSS56_1	AGTCGATCGGCTAGTC	60
2701_MCSS56_1	AGTCGATCGGCTAGTC	60
2702_MCSS56_1	AGTCGATCGGCTAGTC	60
2710_MCSS56_1	AGTCGATCGGCTAGTC	60
2714_MCSS56_1	AGTCGATCGGCTAGTC	60
2715_MCSS56_1	AGTCGATCGGCTAGTC	60
2717_MCSS56_1	CGTTGGT-GGCTTGTA	60
2719_MCSS56_1	AGTCGATCGGCTAGTC	60
2721_MCSS56_1	AGTCGATCGGCTAGTC	60
2723_MCSS56_1	AGTCGATCGGCTAGTC	60
2727_MCSS56_1	AGTCGATCGGCTAGTC	60
2729_MCSS56_1	AGTCGATCGGCTAGTC	60
2730_MCSS56_1	AGTGGATCGGCTAGTC	60
2732_MCSS56_1	A----ATAGGCTAGAA	60
2736_MCSS56_1	AGTCGATCGGCTAGTC	60
2737_MCSS56_1	AGTCAATCGGCTAGTC	60
2738_MCSS56_1	AGTCGATCGGCTAGTC	60
2739_MCSS56_1	AGTCGATCGGCTAGTC	60
2742_MCSS56_1	AGTCAATCGGCT-CTC	60
2743_MCSS56_1	AGTCGATCGGCTAGTC	60
2746_MCSS56_1	AGTCGATCGGCTAGTC	60
2747_MCSS56_1	AGTCGATCGGCTAGTC	60
2753_MCSS56_1	AGTCGATCGGCTAGTC	60
2755_MCSS56_1	AGTCGATCGGCTAGTC	60
2759_MCSS56_1	AGTCGATCGGCTAGTC	60
2761_MCSS56_1	AGTCGATCGGCTAGTC	60
2766_MCSS56_1	AGTCGATCGGCTAGTC	60
2767_MCSS56_1	AGTCGATCGGCTAGTC	60
2768_MCSS56_1	AGTCGATCGGCTAGTC	60
2769_MCSS56_1	AGTCGATCGGCTAGTC	60
2772_MCSS56_1	AGTCGATCGGCTAGTC	60
2774_MCSS56_1	AGTCGATCGGCTAGTC	60
2775_MCSS56_1	AGTCGATCGGCTAGTC	60
2780_MCSS56_1	A----ATAGGCTAGAA	60
2784_MCSS56_1	AGTCGATCGGCTAGTC	60
2786_MCSS56_1	AGTCGATCGGCTAGTC	60
2787_MCSS56_1	AGTCGATCGGCTAGTC	60
2788_MCSS56_1	AGTCGATCGGCTAGTC	60
2790_MCSS56_1	AGTCGATCGGCTAGTC	60
2791_MCSS56_1	AGTCGATCGGCTAGTC	60
2795_MCSS56_1	AGTCGATCGGCTAGTC	60
2798_MCSS56_1	AGTCGATCGGCTAGTC	60
2801_MCSS56_1	AGTCGATCGGCTAGTC	60
2803_MCSS56_1	AGTCGATCGGCTAGTC	60
2804_MCSS56_1	AGTCGATCGGCTAGTC	60
2805_MCSS56_1	AGTCGATCGGCTAGTC	60
2810_MCSS56_1	AGTCGATCGGCTAGTC	60
2815_MCSS56_1	AGTCGATGGGCTAATC	60
2816_MCSS56_1	AGTCGATCGGCTAGTC	60
2817_MCSS56_1	AGTCGATCGGCTAGTC	60
2818_MCSS56_1	AGTCGATCGGCTAGTC	60
2824_MCSS56_1	AGTCGATCGGCTAGTC	60
2825_MCSS56_1	AGTCGATCGGCTAGTC	60
2828_MCSS56_1	AGTCGATCGGCTAGTC	60
2834_MCSS56_1	AGTCGATCGGCTAGTC	60
2842_MCSS56_1	AGTCGATCGGCTAGTC	60
2848_MCSS56_1	AGTCGATCGGCTAGTC	60
2851_MCSS56_1	AGTCGATCGGCTAGTC	60
2853_MCSS56_1	AGTCGATCGGCTAGTC	60
2855_MCSS56_1	AGTCGATCGGCTAGTC	60
2856_MCSS56_1	AGTCGATCGGCTAGTC	60
2857_MCSS56_1	AGTCGATCGGCTAGTC	60
2860_MCSS56_1	AGTCGATCGGCTAGTC	60
2861_MCSS56_1	AGTCGATCGGCTAGTC	60
2862_MCSS56_1	AGTCGATCGGCTAGTC	60
2866_MCSS56_1	AGTCGATCGGCTAGTC	60
2867_MCSS56_1	AGTCGATCGGCTAGTC	60
2869_MCSS56_1	AGTCGATCGGCTAGTC	60
2870_MCSS56_1	AGTCGATCGGCTAGTC	60
2873_MCSS56_1	AGTCGATCGGCTAGTC	60
2876_MCSS56_1	AGTCGATCGGCTAGTC	60
2879_MCSS56_1	AGTCGATCGGCTAGTC	60
2880_MCSS56_1	AGTCGATCGGCTAGTC	60
2881_MCSS56_1	AGTCGATCGGCTAGTC	60
2882_MCSS56_1	AGTCGATCGGCTAGTC	60
2888_MCSS56_1	AGTCGATCGGCTAGTC	60
2889_MCSS56_1	AGTCGATCGGCTAGTC	60
2890_MCSS56_1	AGTCGATCGGCTAGTC	60
2893_MCSS56_1	AGTCGATCGGCTAGTC	60
2894_MCSS56_1	AGTCGATCAGCTAGTC	60
2898_MCSS56_1	AGTCGATCGGCTAGTC	60
2903_MCSS56_1	AGTCGACAGGCTAGTC	60
2904_MCSS56_1	AGTCGATCGGCTAGTC	60
2909_MCSS56_1	AGTCGATCGGCTAGTC	60
2912_MCSS56_1	AGTCGATCGGCTAGTC	60
2915_MCSS56_1	AGTCGATCGGCTAGTC	60
2916_MCSS56_1	AGTCGATCGGCTAGTC	60
2921_MCSS56_1	AGTCGATCGGCTAGTC	60
2923_MCSS56_1	AGTCGATCGGCTAGTC	60
2925_MCSS56_1	AGTCGATCGGCTAGTC	60
2928_MCSS56_1	GGCCCACCCTTTAGCC	60
2930_MCSS56_1	A----ATAGGCTAGAA	60
2931_MCSS56_1	AGTCGATCGGCTAGTC	60
2932_MCSS56_1	AGTGGATCGGTTAGTG	60
2933_MCSS56_1	AGTCGATCGGCTAGTC	60
2936_MCSS56_1	AGTCGATCGGCTAGTC	60
2938_MCSS56_1	AGTCGATCGGCTAGTC	60
2939_MCSS56_1	AGTCGATCGGCTAGTC	60
2941_MCSS56_1	AGTCGATCGGCTAGTC	60
2946_MCSS56_1	AGTCGATCGGCTAGTC	60
2947_MCSS56_1	AGTCGATCGGCTAGTC	60
2949_MCSS56_1	AGTCGATCGGCTAGTC	60
2950_MCSS56_1	AGTCGATCGGCTAGTC	60
2951_MCSS56_1	AGTCAATCGGCTAGTC	60
2953_MCSS56_1	AGTCGATCGGCTAGTC	60
2955_MCSS56_1	AGTCGATCGGCTAGTC	60
2956_MCSS56_1	AGTCGATCGGCTAGTC	60
2963_MCSS56_1	AGTCGATCGGCTAGTC	60
2964_MCSS56_1	AGTCGATCGGCTAGTC	60
2967_MCSS56_1	AGTCGATCGGCTAGTC	60
2968_MCSS56_1	AGTCGATCGGCTAGTC	60
2970_MCSS56_1	AGTCGATCGGCTAGTC	60
2971_MCSS56_1	AGTCGATCGGCTAGTC	60
2972_MCSS56_1	AGTCGATCGGCTAGTC	60
2975_MCSS56_1	AGTCGATCGGCTAGTC	60
2978_MCSS56_1	AGTCGATCGGCTAGTC	60
2980_MCSS56_1	AGTCGATCGGCTAGTC	60
2981_MCSS56_1	AGTCGATCGGCTAGTC	60
2983_MCSS56_1	AGTCGATCGGCTAGTC	60
2987_MCSS56_1	AGTCGATCGGCTAGTC	60
2990_MCSS56_1	AGTCGATCGGCTAGTC	60
2994_MCSS56_1	AGTCGATCGGCTAGTC	60
2995_MCSS56_1	AATCGATCGG-TCG-A	60
2997_MCSS56_1	AGTCGATCGGCTAGTC	60
2999_MCSS56_1	AGTCGATCGGCTAGTC	60
3000_MCSS56_1	AGTCGATCGGCTAGTC	60
3005_MCSS56_1	AGTCGATCGGCTAGTC	60
3009_MCSS56_1	AGTCGATCGGCTAGTC	60
3012_MCSS56_1	AGTCGATCGG-TAGTC	60
3013_MCSS56_1	AGTCGATCGGCTAGTC	60
3017_MCSS56_1	AGTCGATCGGCTAGTC	60
3021_MCSS56_1	AGTCGATCGGCTAGTC	60
3022_MCSS56_1	AGTCGATCGGCTAGTC	60
3024_MCSS56_1	AGTCGATCGGCTAGTC	60
3026_MCSS56_1	AGTCGATCGGCTAGTC	60
3029_MCSS56_1	AGTCGATCGGCTAGTC	60
3032_MCSS56_1	AGTCGATCGGCTAGTC	60
3033_MCSS56_1	AGTCGATCGGCTAGTC	60
3038_MCSS56_1	AGTCGATCGGCTAGTC	60
3040_MCSS56_1	AGTCGATCGGCTAGTC	60
3042_MCSS56_1	AGTCGATCGGCTAGTC	60
3043_MCSS56_1	AGTCGATCGGCTAGTC	60
3053_MCSS56_1	AGTCGATCGGCTAGTC	60
3054_MCSS56_1	AGTCGATCGGCTAGTC	60
3058_MCSS56_1	AGTCGATCGGCTAGTC	60
3062_MCSS56_1	AGTCGATCGGCTAGTC	60
3063_MCSS56_1	AGTCGATCGGCTAGTC	60
3065_MCSS56_1	AGTCGATCGGCTAGTC	60
3067_MCSS56_1	AGTCGATCGGCTAGTC	60
3070_MCSS56_1	AGTCGATCGGCTAGTC	60
3071_MCSS56_1	AGTCGATCGGCTAGTC	60
3075_MCSS56_1	AGTCGATCGGCTAGTC	60
3076_MCSS56_1	AGTCGATCGGCTAGTC	60
3077_MCSS56_1	AGTCGATCGGCTAGTC	60
3081_MCSS56_1	AGTCAATCGGCTAGTA	60
3083_MCSS56_1	AGTCGATCGGCTAGTC	60
3084_MCSS56_1	AGTCGATCGGCTAGTC	60
3090_MCSS56_1	AGTCGATCGGCTAGTC	60
3091_MCSS56_1	AGTCGATCGGCTAGTC	60
3097_MCSS56_1	AGTCGATCGGCTAGTC	60
3100_MCSS56_1	AGTCGATCGGCTAGTC	60
3101_MCSS56_1	AGTCGATCGGCTAGTC	60
3107_MCSS56_1	AGTCGATCGGCTAGTC	60
3108_MCSS56_1	AGTCGATCGGCTAGTC	60
3109_MCSS56_1	AGTCGATCGGCTAGTC	60
3112_MCSS56_1	AGTCGATCGGCTAGTC	60
3113_MCSS56_1	AGTCGATCGGCTAGTC	60
3115_MCSS56_1	AGTCGATCGGCTAGTC	60
3117_MCSS56_1	AGTCGATCGGCTAGTC	60
3119_MCSS56_1	AGTCAATAGGCTCGTC	60
3120_MCSS56_1	AGTCGATCGGCTAGTC	60
3121_MCSS56_1	AGTCGATCGGCTAGTC	60
3122_MCSS56_1	AGTCGATCGGCTAGTC	60
3125_MCSS56_1	AGTCGATCGGCTAGTC	60
3131_MCSS56_1	AGTCGATCGGCTAGTC	60
3134_MCSS56_1	AGTCGATCGGCTAGTC	60
3135_MCSS56_1	AGTCGATGGGCTAGTC	60
3137_MCSS56_1	AGTCGATCGGCTAGTC	60
3138_MCSS56_1	AGTGGATCGGCTAGTC	60
3143_MCSS56_1	AGTCGATCGGCTAGTC	60
3144_MCSS56_1	AGTCGATCGGCTAGTC	60
3145_MCSS56_1	AGTCGATCGGCTAGTC	60
3150_MCSS56_1	AGTCGATCGGCTAGTC	60
3151_MCSS56_1	AGTCGATCGGCTAGTC	60
3155_MCSS56_1	AGTCGATCGGCTAGTC	60
3156_MCSS56_1	AGTCGATCGGCTAGTC	60
3157_MCSS56_1	AGTCGATCGGCTAGTC	60
3159_MCSS56_1	AGTCGATCGGCTAGTC	60
3160_MCSS56_1	AGTCGATCGGCTACTC	60
3162_MCSS56_1	AGTCGATCGGCTAGTC	60
3164_MCSS56_1	AGTCGATCGGCTAGTC	60
3165_MCSS56_1	AGTCGATCGGCTAGTC	60
3170_MCSS56_1	AGTCGATCGGCTAGTC	60
3171_MCSS56_1	AGTCGATCGGCTAGTC	60
3172_MCSS56_1	AGTCGATCGGCTAGTC	60
3173_MCSS56_1	AGTCGATCGGCTAGTC	60
3174_MCSS56_1	AGTCGATCGGCTAGTC	60
3176_MCSS56_1	AGTCGATCGGCTAGTC	60
3180_MCSS56_1	AGTCGATCGGCTAGTC	60
3181_MCSS56_1	AGTCGATCGGCTAGTC	60
3183_MCSS56_1	AGTCGATCGGCTAGTC	60
3185_MCSS56_1	AGTCGATCGGCTAGTC	60
3190_MCSS56_1	AGTCGATCGGCTAGTC	60
3191_MCSS56_1	AGTCGATCGGCTAGTC	60
3193_MCSS56_1	AGTCGATCGGCTAGTC	60
3202_MCSS56_1	AGTCGATCGGCTAGTC	60
3203_MCSS56_1	AGTCGATCGGCTAGTC	60
3204_MCSS56_1	AGTCGATCGGCTAGTC	60
3205_MCSS56_1	AGTCGATCGGCTAGTC	60
3207_MCSS56_1	AGTCGATCGGCTAGTC	60
3211_MCSS56_1	AGTCGATCGGCTAGTC	60
3216_MCSS56_1	AGTCGATCGGCTAGTC	60
3217_MCSS56_1	AGTCGATCGGCTAGTC	60
3218_MCSS56_1	AGTCGATCGGCTAGTC	60
3219_MCSS56_1	AGTCGATCGGCTAGTC	60
3223_MCSS56_1	AGTCGATCGGCTAGTC	60
3224_MCSS56_1	AGTCGATCGGCTAGTC	60
3225_MCSS56_1	AGTCGATCGGCTAGTC	60
3230_MCSS56_1	AGTCGATCGGCTAGTC	60
3232_MCSS56_1	AGTCGATCGGCTAGTC	60
3233_MCSS56_1	AGTCGATCGGCTAGTC	60
3235_MCSS56_1	AGTCGATCGGCTAGTC	60
3238_MCSS56_1	AGTCGATCGGCTAGTC	60
3239_MCSS56_1	AGTCGATCGGCTAGTC	60
3243_MCSS56_1	AGTCGATCGGCTAGTC	60
3244_MCSS56_1	AGTCGATCGGCTAGTC	60
3245_MCSS56_1	AGTCGATCGGCTAGTC	60
3251_MCSS56_1	AGTCGATCGGCTAGTC	60
3255_MCSS56_1	AGTCGATCGGCCAGTC	60
3256_MCSS56_1	AGTCGATCGGCTAGTC	60
3261_MCSS56_1	AGTCGATCGGCTAGTC	60
3264_MCSS56_1	AGTCGATCGGCTAGTC	60
3265_MCSS56_1	AGTCGATCGGCTAGTC	60
3266_MCSS56_1	AGTCGATCGGCTAGTC	60
3267_MCSS56_1	AGTCGATCGGCTAGTC	60
3276_MCSS56_1	AGTCGATCGGCTAGTC	60
3279_MCSS56_1	AGTCGATCGGCTAGTC	60
3280_MCSS56_1	AGTCGATGGGCTAGTC	60
3281_MCSS56_1	AGTCGATCGGCTAGTC	60
3287_MCSS56_1	AGTCGATCGGCTAGTC	60
3288_MCSS56_1	AGTCGATCGGCTAGTC	60
3290_MCSS56_1	AGTCGATCGGCTAGTC	60
3297_MCSS56_1	AGTCGATCGGCTAGTC	60
3304_MCSS56_1	AGTCGATCGGCTAGTC	60
3305_MCSS56_1	AGTCGATCGGCTAGTC	60
3314_MCSS56_1	AG--AATTGGCTAATG	60
3317_MCSS56_1	AGTCGATCGGCTAGTC	60
3318_MCSS56_1	AGTCGATCGGCTAGTC	60
3319_MCSS56_1	AGTCGATCGGCTAGTC	60
3322_MCSS56_1	AGTCGATCGGCTAGTC	60
3328_MCSS56_1	AGTCGATCGGCTAGTC	60
3329_MCSS56_1	AGTCGATCGGCTAGTC	60
3330_MCSS56_1	AGTCGATCGGCTAGTC	60
3335_MCSS56_1	AGTCGATCGGCTAGTC	60
3337_MCSS56_1	AGTCGATCGGCTAGTC	60
3339_MCSS56_1	AGTCGATCGGCTAGTC	60
3340_MCSS56_1	AGTCGATCGGCTAGTC	60
3347_MCSS56_1	AGTCGATCGGCTAGTC	60
3348_MCSS56_1	AGTGGATCGGCTAGTG	60
3352_MCSS56_1	AGTCGATCGGCTAGTC	60
3353_MCSS56_1	AGTCGATCGGCTAGTC	60
3355_MCSS56_1	---CGATCGGCTAGTC	60
3357_MCSS56_1	AGTCGATCGGCTAGTC	60
3358_MCSS56_1	AGTCGATCGGCTAGTC	60
3365_MCSS56_1	AGTCGATCGGCTAGTC	60
3367_MCSS56_1	AGTCGATCGGCTAGTC	60
3372_MCSS56_1	AGTCGATCGGCTAGTC	60
3374_MCSS56_1	AGTCGATCGGCTAGTC	60
3378_MCSS56_1	AGTCGATCGGCTAGTC	60
3379_MCSS56_1	AGTCGATCGGCTAGTC	60
3384_MCSS56_1	AGTCGATCGGCTAGTC	60
3389_MCSS56_1	AGTCGATCGGCTAGTC	60
3395_MCSS56_1	AGTCGATCGGCTAGTC	60
3397_MCSS56_1	AGTCGATCGCAGAG-A	60
3399_MCSS56_1	AGTCGATCGGCTAGTC	60
3400_MCSS56_1	AGTCGATCGGCTAGTC	60
3402_MCSS56_1	AGTCGATCGGCTAGTC	60
3404_MCSS56_1	AGTCGATGGGCTAGTC	60
3406_MCSS56_1	AGTCGATCGGCTAGTC	60
3407_MCSS56_1	AGTCGATCGGCTGGTC	60
3412_MCSS56_1	AGTCGATCGGCTAGTC	60
3414_MCSS56_1	AGTCGATCGGCTAGTC	60
3419_MCSS56_1	AGTCGATCGGCTAGTC	60
3420_MCSS56_1	AGTCGATCGGCTAGTC	60
3425_MCSS56_1	AGTCGATCGGCTAGTC	60
3428_MCSS56_1	AGTCGATCGGCTAGTC	60
3431_MCSS56_1	AGTCGATCGGCTAGTC	60
3435_MCSS56_1	AGTCGATCGGCTAGTC	60
3436_MCSS56_1	AGTCGATCGGCTGGTC	60
3437_MCSS56_1	AGTCGATCGGCTAGTC	60
3438_MCSS56_1	AGTCGATCGGCTAGTC	60
3448_MCSS56_1	AGTCGATCGGCTAGTC	60
3449_MCSS56_1	AGTCGATCGGCTAGTC	60
3450_MCSS56_1	AGTCGATCGGCTAGTC	60
3460_MCSS56_1	AGTCGATCGGCTAGTC	60
3465_MCSS56_1	AGTCGATCGGCTAGTC	60
3468_MCSS56_1	AGTCGATCGGCTAGTC	60
3469_MCSS56_1	AGTCGATCGGCTAGTC	60
3472_MCSS56_1	AGTCGATCGGCTAGTC	60
3474_MCSS56_1	AGTCGATCGGCTAGTC	60
3475_MCSS56_1	AGTCGATCGGCTAGTC	60
3477_MCSS56_1	AGTCGATCGGCTAGTC	60
3479_MCSS56_1	AGTCGATCGGCTAGTC	60
3480_MCSS56_1	AGTCGATCGGCTAGTC	60
3481_MCSS56_1	AGTCGATCGGCTAG-G	60
3482_MCSS56_1	AGTCGATCGGCTAGTC	60
3485_MCSS56_1	AGTCGATCGGCTAGTC	60
3489_MCSS56_1	AGTCGATCGGCTAGTC	60
3494_MCSS56_1	AGTCGATCGGCTAGTC	60
3495_MCSS56_1	AGTCGATCGGCTAGTC	60
3499_MCSS56_1	AGTCGATCGGCTAGTC	60
3500_MCSS56_1	AGTCGATCGGCTAGTC	60
3507_MCSS56_1	AGTCGATCGGCTAGTC	60
3508_MCSS56_1	AGTCGATCGGCTAGTC	60
3509_MCSS56_1	AGTCGATCGGCTAGTC	60
3511_MCSS56_1	AGTCGATCGGCTGGTT	60
3513_MCSS56_1	AGTCGATCGGCTAGTC	60
3515_MCSS56_1	AGTCGATCGGCTAGTC	60
3516_MCSS56_1	AGTCGATCGGCTAGTC	60
3522_MCSS56_1	AGTCGATCGGCTAGTC	60
3523_MCSS56_1	AGTCGATCGGCTAGTC	60
3525_MCSS56_1	AGTCGATCGGCTAGTC	60
3527_MCSS56_1	AGTCGATCGGCTAGTC	60
3528_MCSS56_1	AGTCGATCGGCTAGTC	60
3534_MCSS56_1	AGTCGATCGGCTAGTC	60
3536_MCSS56_1	AGTCGATCGGCTAGTC	60
3537_MCSS56_1	AGTCGATCGGCTAGTC	60
3539_MCSS56_1	AGTCGATCGGCTAGTC	60
3542_MCSS56_1	AGTCGATCGGCTAGTC	60
3545_MCSS56_1	AGTCGATCGGCTAGT-	60
3546_MCSS56_1	AGTCGATCGGCTAGTC	60
3547_MCSS56_1	AGTCGATCGGCTAGTC	60
3550_MCSS56_1	AGTCGATCGGCTAGTC	60
3551_MCSS56_1	AGTCGATCGGCTAGTC	60
3557_MCSS56_1	AGTCGATCGGCTAGTC	60
3562_MCSS56_1	AGTCGATCGGCTAGTC	60
3566_MCSS56_1	AGTCGATCGGCTAGTC	60
3567_MCSS56_1	AGTCGATCGGCTAGTC	60
3568_MCSS56_1	AGTCGATCGGCTAGTC	60
3571_MCSS56_1	AGTCGATCGGCTAGTC	60
2_MCSS56_1	AGTCGATCGGCTAGTC	60
10_MCSS56_1	AGTCGATCGGCTAGTC	60
17_MCSS56_1	AGTCGATCGGCTAGTC	60
19_MCSS56_1	AGTCGATCGGCTAGTC	60
20_MCSS56_1	AGTCGAT-GGCTAGTC	60
24_MCSS56_1	AGTCGATCGGCTAGTC	60
29_MCSS56_1	AGTCGATCGGCTAGTC	60
34_MCSS56_1	AGTCGATCGGCTAGTC	60
35_MCSS56_1	AGTTGATCGGCTAGTC	60
38_MCSS56_1	AGTCTATCGGCTAGTC	60
39_MCSS56_1	AGTCGATCGGCTAGTC	60
47_MCSS56_1	AGTCGATCGGCTAGTC	60
53_MCSS56_1	AGTTGATCGGCTAGTC	60
54_MCSS56_1	TGTCGAACCGACA---	60
55_MCSS56_1	A--CCATCGTC-AATG	60
60_MCSS56_1	AGTCGATCGGCTAGTC	60
63_MCSS56_1	AGTCGATCGGCTAGTC	60
64_MCSS56_1	AGTC-ATCGGCTAGTC	60
73_MCSS56_1	AGTCGATCGGCTAGTC	60
82_MCSS56_1	AGTCGATCGGCTAGTC	60
85_MCSS56_1	AGTCGATCGGCTAGTC	60
87_MCSS56_1	AGTCGATCGGCTAGTC	60
92_MCSS56_1	AGTCGATCGGCTAGTC	60
97_MCSS56_1	AGTCGATCGGCTAGTC	60
98_MCSS56_1	AGTCATTCAACTAGTC	60
99_MCSS56_1	AGTCGATCGGCTAGTC	60
101_MCSS56_1	AGTCGATCGGCTAGTC	60
108_MCSS56_1	AGTCGATCGGCTAGTC	38
112_MCSS56_1	AGTCGATCGGCTAGTC	60
114_MCSS56_1	AGTCGATCGGCTAGTC	60
128_MCSS56_1	AGTCGATCGGCTAGTC	60
134_MCSS56_1	AGTCGATCGGCTAGTC	60
141_MCSS56_1	AGTCGATCGGCTAGTC	60
143_MCSS56_1	A----ATAGGCTAGAA	45
145_MCSS56_1	AGTCGATCGGCTAGTC	60
147_MCSS56_1	AGTCGATCGGCTAGTC	60
148_MCSS56_1	AGTCGATCGGCTAGTC	60
149_MCSS56_1	AGTCGATCGGCTAGTC	60
151_MCSS56_1	AGTCGATCGGCTAGTC	60
154_MCSS56_1	AGTCGATCGGCTAGTC	60
159_MCSS56_1	AGTCGATCGGCTAGTC	60
160_MCSS56_1	AGTCGATCGGCTAGTC	60
163_MCSS56_1	AGTCGATCGGCTAGTC	60
164_MCSS56_1	AGTCGATCGGCTAGTC	60
168_MCSS56_1	AGTCGATCGGCTAGTC	60
171_MCSS56_1	AGTCGATCGGCTAGTC	60
175_MCSS56_1	AGTCGATCGGCTAGTC	60
177_MCSS56_1	AGTCGATCGGCTAGTC	60
178_MCSS56_1	AGTCGATCGGCTAGTC	60
187_MCSS56_1	AGTCGATCGGCTAGTC	60
191_MCSS56_1	AGTCGATCGGCTAGTC	60
194_MCSS56_1	AGTTGATTGGTGAG-A	60
200_MCSS56_1	AGTCGATCGGCTAGTC	60
203_MCSS56_1	AGTCGATCGGCTAGTC	60
207_MCSS56_1	AGTCGATCGGCTAGTC	60
214_MCSS56_1	AGTCGATCGGCTAGTC	60
219_MCSS56_1	AGTCGATCGGCTAGTC	60
225_MCSS56_1	AGTCGATCGGCTAGTC	60
229_MCSS56_1	AGTCGATCGGCTAGTC	60
230_MCSS56_1	AGTCGATCGGCTAGTC	60
231_MCSS56_1	AGTCGATCGGCTAGTC	60
233_MCSS56_1	AGTCGATCGGCTAGTC	60
235_MCSS56_1	A----ATAGGCTAGAA	60
236_MCSS56_1	AGTCGATCGGCTAGTC	60
237_MCSS56_1	AGTCGATCGGCTAGTC	60
240_MCSS56_1	AGTCGATCGGCTAGTC	60
244_MCSS56_1	AGTTGAAAGGCACGT-	60
248_MCSS56_1	AGTCGATCGGCTAGTC	60
249_MCSS56_1	AGTCGATCGGCTAGTC	60
250_MCSS56_1	AGTCGATCGGCTAGTC	60
253_MCSS56_1	AGTCGATCGGCTAGTC	60
257_MCSS56_1	AGTCGATCGGCTAGTC	60
264_MCSS56_1	AGTCGATCGGCTAGTC	60
267_MCSS56_1	AGTCGATCGGCGAGTC	60
269_MCSS56_1	AGTCGATCGGCTAGTC	60
273_MCSS56_1	AGTCGATCGGCTAGTC	60
274_MCSS56_1	AGTCGATCGGCTAGTC	60
278_MCSS56_1	AGTCGATCGGCTAGTC	60
283_MCSS56_1	AGTCGATCGGCTAGTC	60
285_MCSS56_1	AGTCGATCGGCTAGTC	60
286_MCSS56_1	AGTCGATCGGCTAGTC	60
289_MCSS56_1	AGTCGATCGGCGAGTC	60
290_MCSS56_1	AGTCGATCGGCTAGTC	60
295_MCSS56_1	AGTCGATCGGCTAGTC	60
301_MCSS56_1	AGTCGATCGGCTAGTC	60
303_MCSS56_1	A----ATAGGCTATTC	60
304_MCSS56_1	AGTCGATCGGCTAGTC	60
305_MCSS56_1	AGTCGATCGGC-AGTC	60
308_MCSS56_1	AGTCGATCGGCTAGTC	60
309_MCSS56_1	AGTCGATCGGCTAGTC	60
310_MCSS56_1	AGTCGATCGGCTAGTC	60
317_MCSS56_1	AGTCGATCGGCTAGTC	60
319_MCSS56_1	AGTCGATCGGCTAGTC	60
321_MCSS56_1	AGTCGATCGGCTAGTC	60
324_MCSS56_1	AGTCGATCGGCTAGTC	60
325_MCSS56_1	AGTCGATCGGCTAGTC	60
329_MCSS56_1	AGTCGATCGGCTAGTC	60
333_MCSS56_1	AGTCGATCGGCTAGTC	60
334_MCSS56_1	AGTCGATCGGCTAGTC	60
341_MCSS56_1	AGTCGATCGGCTAGTC	60
343_MCSS56_1	AGTCGATCGGCTAGTC	60
347_MCSS56_1	AGTCGATCGGCTAGTC	60
348_MCSS56_1	AGTCGATCGGCTAGTC	60
355_MCSS56_1	AGTCGATCGGCTAGTC	60
360_MCSS56_1	AGTCGATCGGCTAGTC	60
365_MCSS56_1	AGTCGATCGGCTAGTC	60
367_MCSS56_1	AGTCGATCGGCTAGTC	60
371_MCSS56_1	AGTCGATCGGCTAGTC	60
373_MCSS56_1	AGT-GATAATGTAGTG	60
379_MCSS56_1	AGTCGATCGGCTAGTC	60
383_MCSS56_1	AGTCGATCGGCTAGTC	60
386_MCSS56_1	AGTCGATCGGCTAGTC	60
387_MCSS56_1	AGTCGATCGGCTAGTC	60
389_MCSS56_1	AGTCGATCGGCTAGTC	60
393_MCSS56_1	AGTCGATCGGCTAGTC	60
394_MCSS56_1	AGTCGATCGGCTAGTC	60
396_MCSS56_1	AGTCGATCGGGTAGTC	60
399_MCSS56_1	AGTTGATTGGCTAGTC	60
402_MCSS56_1	AGTCGATCGGCTAGTC	60
409_MCSS56_1	AGTCGATCG-------	60
410_MCSS56_1	AGTCGATCGGCTAGTC	60
416_MCSS56_1	AGTCGATCGGCTAGTC	60
418_MCSS56_1	AGTCGATCGGCTAGTC	60
420_MCSS56_1	AGTCGATCGGCTAGTC	60
427_MCSS56_1	AGTCGATCGGCTAGTC	60
435_MCSS56_1	AGTCGATCGGCTAGTC	60
437_MCSS56_1	AGTCGATCGGCTAGTC	60
442_MCSS56_1	AGTCGATCGGCTAGTC	60
445_MCSS56_1	AGTCGATCGGCTAGTC	60
447_MCSS56_1	AGTCGATCGGCTAGTC	60
448_MCSS56_1	AGTCGATCGGCTAGTC	60
450_MCSS56_1	AGTCGATCGGCTAGTC	60
454_MCSS56_1	AGTCGATCGGCTAGTC	60
462_MCSS56_1	AGTCGATCGGCTAGTC	60
471_MCSS56_1	AGTCGATCGGCTAGTC	60
472_MCSS56_1	AGTCGATCGGCTAGTC	60
476_MCSS56_1	AGTCGATCGGCTAGTC	60
481_MCSS56_1	AGTTGATTGGCTAGTC	24
484_MCSS56_1	AGTCGATCGGCTAGTC	60
485_MCSS56_1	AGTCGATCGGCTAGTC	60
488_MCSS56_1	AGTCGATCGGCTAGTC	60
490_MCSS56_1	AGTCGATCGGCTAGTC	60
492_MCSS56_1	AGTCGATCGGCTAGTC	60
494_MCSS56_1	AGTCGATCGGCTAGTC	60
495_MCSS56_1	AGTCGATCGGTTAGTC	60
499_MCSS56_1	AGTCGATCGGCTAGTC	60
501_MCSS56_1	AGTCGATCGGCTAGTC	60
503_MCSS56_1	AGTCGATCGGCTAGTC	60
509_MCSS56_1	AGTCGATCGGCTAGTC	60
510_MCSS56_1	AGTCGATCGGCTAGTC	60
514_MCSS56_1	AGTCGATCGGCTAGTC	60
515_MCSS56_1	AGTCGATCGGCTAGTC	60
525_MCSS56_1	AGTCGATCGGCTAGTC	60
527_MCSS56_1	AGTCGATCGGCTAGTC	60
531_MCSS56_1	AGTCGATCGGCTAGTC	60
538_MCSS56_1	AGTCGATCGGCTAGTC	60
540_MCSS56_1	AGTCGATCGGCTAGTC	60
542_MCSS56_1	AGTCGATCGGCTAGTC	60
544_MCSS56_1	AGTCGATCGGCTAGTC	60
545_MCSS56_1	AGTCGATCGGCTAGTC	60
546_MCSS56_1	AGTCGATCGGCTAGTC	60
548_MCSS56_1	AGTCGATCGGCTAGTC	60
558_MCSS56_1	AGTCGATCGGCTAGTC	60
567_MCSS56_1	AGTCGATCGGCTAGTC	60
568_MCSS56_1	AATACACAGGATATTA	32
571_MCSS56_1	AGTCGATCGGCTAGTC	60
572_MCSS56_1	AGTCGATCGGCTAGTC	60
585_MCSS56_1	AGTCGATCGGCTAGTC	60
591_MCSS56_1	AGTCGATCGGCTAGTC	60
592_MCSS56_1	AGTCGATCGGCTAGTC	60
593_MCSS56_1	AGTCGATCGGCTAGTC	60
596_MCSS56_1	AGTCGATCGGCTAGTC	60
602_MCSS56_1	AGTCGATCGG--AGTC	60
603_MCSS56_1	AGTCGATCGGCTAGTC	60
608_MCSS56_1	AGTCGATCGGCTAGTC	60
611_MCSS56_1	AGTCGATCGGCTAGTC	60
613_MCSS56_1	AGTCGATCGGCTAGTC	60
620_MCSS56_1	AGTCGATCGGCTAGTC	60
624_MCSS56_1	AGTCGATCGGCTAGTC	60
627_MCSS56_1	AGTCGATCGGCTAGTC	60
628_MCSS56_1	AGTCGATCGGCTAGTC	60
629_MCSS56_1	AGTCGATCGGCTAGTC	60
635_MCSS56_1	AGTTGATCGGCTAGTC	60
642_MCSS56_1	AGTCGATCGGCTAGTC	60
646_MCSS56_1	AGTCGATCGGCTAGTC	60
652_MCSS56_1	AGTCGATCGGCTAGTC	60
653_MCSS56_1	AGTCGATCGGCGAGTC	60
655_MCSS56_1	AGTCGATCGGCTAGTC	60
656_MCSS56_1	AGTCGATCGGCTAGTC	60
659_MCSS56_1	AGTTGATCGGCTAGTC	60
666_MCSS56_1	AGTCGATCGGCTAGTC	60
670_MCSS56_1	AGTCGATCGGCTAGTC	60
671_MCSS56_1	AGTCGATCGGCTAGTC	60
674_MCSS56_1	AGTCGATCGGCTAGTC	60
677_MCSS56_1	AGTCGATCGGCTAGTC	60
680_MCSS56_1	AGTCGATCGGCTAGTC	60
681_MCSS56_1	AGTCGATCGGCTAGTC	60
683_MCSS56_1	AGTCGATCGGCTAGTC	60
685_MCSS56_1	AGTCGATCGGCTAGTC	60
693_MCSS56_1	AGTCGATCGGCTAGTC	60
694_MCSS56_1	AGTCGATCGGCTAGTC	60
697_MCSS56_1	AGTCGATCGGCTAGTC	60
698_MCSS56_1	AGTCGATCGGCTAGTC	60
702_MCSS56_1	AGTCGATCGGCTAGTC	60
703_MCSS56_1	A----ATAGGCTAGAA	60
705_MCSS56_1	AGTCGATCGGCTAGTC	60
711_MCSS56_1	AGTCGATCGGCTAGTC	60
713_MCSS56_1	AGTCGATCGGCTAGTC	60
715_MCSS56_1	AGTCGATCGGCTAGTC	60
716_MCSS56_1	A----ATAGGCTAGAA	60
726_MCSS56_1	AGTCGATCGGCTAGTC	60
727_MCSS56_1	AGTCGATCGGCTAGTC	60
732_MCSS56_1	AGTCGATCGGCTAGTC	60
733_MCSS56_1	AGTCGATCGGCTAGTC	60
735_MCSS56_1	AGTCGATCGGCTAGTC	60
736_MCSS56_1	AGTCGATCGGCTAGTC	60
739_MCSS56_1	AGTCGATCGGCTAGTC	60
740_MCSS56_1	AGTCGATCGGCTAGTC	60
744_MCSS56_1	AGTCGATCGGCTAGTC	60
751_MCSS56_1	AGTCGATCGGCTAGTC	60
758_MCSS56_1	AGTCGATCGGCTAGTC	60
762_MCSS56_1	AGTCGATCGGCTAGTC	60
765_MCSS56_1	AGTCGATCGGCTAGTC	60
766_MCSS56_1	AGTCGATCGGCTAGTC	60
767_MCSS56_1	AGTCGATCGGCTAGTC	60
769_MCSS56_1	AGTCGATCG--TAGTC	60
770_MCSS56_1	AGTCGATCGGCTAGTC	60
771_MCSS56_1	AGTCGATCGGCTAGTC	60
773_MCSS56_1	AGTCGATCGGCTAGTC	60
776_MCSS56_1	AGTCGATCGGCTAGTC	60
781_MCSS56_1	AGTCGATCGGCTAGTC	60
787_MCSS56_1	AGTCGATCGGCTAGTC	60
788_MCSS56_1	AGTCGATCGGCTAGTC	60
795_MCSS56_1	AGTCGATCGGCTAGTC	60
799_MCSS56_1	AGTCGATCGGCTAGTC	60
803_MCSS56_1	AGTCGATCGGCTAGTC	60
811_MCSS56_1	AGTCGATCGGCTAGTC	60
812_MCSS56_1	AGTCGATCGGCTAGTC	60
816_MCSS56_1	AGTCGATCGGCTAGTC	60
817_MCSS56_1	AGTCGATCGGCTAGTC	60
818_MCSS56_1	AGTCGATCGGCTAGTC	60
819_MCSS56_1	AGTCGATCGGCTAGTC	60
821_MCSS56_1	AGTCGATCGGCTAGTC	60
823_MCSS56_1	AGTCGATCGGCTAGTC	60
824_MCSS56_1	AGTCGATCGGCTAGTC	60
828_MCSS56_1	AGTCGATCGGCTAGTC	60
829_MCSS56_1	AGTCGATCGGCTAGTC	60
834_MCSS56_1	AGTCGATCGGCTAGTC	60
838_MCSS56_1	AGTCGATCGGCTAGTC	60
842_MCSS56_1	AGTCGATCGGCTAGTC	60
844_MCSS56_1	A----ATAGGCTAGAA	60
845_MCSS56_1	AGTCGATCGGCTAGTC	60
847_MCSS56_1	AGTCGATCGGCTAGTC	60
858_MCSS56_1	AGTTGATCGGCTAGTC	60
860_MCSS56_1	AGTCGATCGGCTAGTC	60
862_MCSS56_1	AGTCGATCGGCTAGTC	60
867_MCSS56_1	AGTTGATCGGCTAGTC	60
868_MCSS56_1	AGTCGATCGGCTAGTC	60
872_MCSS56_1	AGTCTATTGGCTAGTC	60
873_MCSS56_1	AGTCGATCGGCTAGTC	60
874_MCSS56_1	AGTCGATCGGCTAGTC	60
877_MCSS56_1	AGTCGATCGGCTAGTC	60
879_MCSS56_1	AGTCGATCGGCTAGTC	60
884_MCSS56_1	AGTCGATCGGCTAGTC	60
888_MCSS56_1	AGTTGATTGGCTAGTC	60
889_MCSS56_1	AGTCGATCGGCTAGTC	60
890_MCSS56_1	AGTCGATCGGCTAGTC	60
892_MCSS56_1	AGTCGATCGGCTAGTC	60
894_MCSS56_1	AGTCGATCGGCTAGTC	60
896_MCSS56_1	ACTTATTCAG-TAATC	60
899_MCSS56_1	AGTCGATCGGCTAGTC	60
903_MCSS56_1	AGTCGATCGGCTAGTC	60
904_MCSS56_1	AGTCGATCGGCTAGTC	60
905_MCSS56_1	AGTCGATCG--TGATC	60
907_MCSS56_1	AGTCGATCGGCTAGTC	60
912_MCSS56_1	AGTCGATCGGCTAGTC	60
917_MCSS56_1	AGTCGATCGGCTAGTC	60
920_MCSS56_1	AGTCGATCGGCTAGTC	60
923_MCSS56_1	AGTCGATCGGCTAGTC	60
924_MCSS56_1	AGTCGATCGGCTAGTC	60
929_MCSS56_1	AGTCGATCGGCTAGTC	60
934_MCSS56_1	AGTCGATCGGCTAGTC	60
937_MCSS56_1	AGTCGATCGGCTAGTC	60
939_MCSS56_1	AGTCGATCGGCTAGTC	60
943_MCSS56_1	AGTCGATCGGCTAGTC	60
947_MCSS56_1	AGTCGATCGGCTAGTC	60
952_MCSS56_1	AGTCGATCGGCTAGTC	60
956_MCSS56_1	AGTCGATCGGCTAGTC	60
960_MCSS56_1	AGTCGATCGGCTAGTC	60
963_MCSS56_1	AGTCGATCGGCTAGTC	60
965_MCSS56_1	AGTCGATCGGCTAGTC	60
971_MCSS56_1	AGTCGATCGGCTAGTC	60
972_MCSS56_1	AGTCGATCGGCTAGTC	60
973_MCSS56_1	AGTCGATCGGCTAGTC	60
974_MCSS56_1	AGTCGATCGGCTAGTC	60
976_MCSS56_1	AGTCGATCGGCTAGTC	60
979_MCSS56_1	AGTCGATCGGCTAGTC	60
981_MCSS56_1	AGTCGATCGGCTAGTC	60
984_MCSS56_1	AGTCGATTGGCTAGTC	60
986_MCSS56_1	AGTCGATCGGCTAGTC	60
989_MCSS56_1	AGTCGATCGGCTAGTC	60
992_MCSS56_1	AGTCGATCGGCTAGTC	60
993_MCSS56_1	AGTCGATCGGCTAGTC	60
996_MCSS56_1	AGTCGATCGGCTAGTC	60
1004_MCSS56_1	AGTCGATCGGCTAGTC	60
1007_MCSS56_1	AGTCGATCGGCTAGTC	60
1008_MCSS56_1	AGTCGATCGGCTAGTC	60
1010_MCSS56_1	AGTCGATCGGCTAGTC	60
1014_MCSS56_1	AGTCGATCGGCTAGTC	60
1017_MCSS56_1	AGTCGATCGGCTAGTC	60
1018_MCSS56_1	AGTCGATCGGCTAGTC	60
1020_MCSS56_1	AGTCGATCGGCTAGTC	60
1022_MCSS56_1	AGTCGATCGGCTAGTC	60
1026_MCSS56_1	AGTCGATCGGCTAGTC	60
1034_MCSS56_1	AGTCGATCGGCTAGTC	60
1035_MCSS56_1	AGTCGATCGGCTAGTC	60
1036_MCSS56_1	AGTCGATCGGCTAGTC	60
1037_MCSS56_1	AGTCGATCGGCTAGTC	60
1041_MCSS56_1	AGTCGATCGGCTAGTC	60
1042_MCSS56_1	AGTCGATCGGCTAGTC	60
1048_MCSS56_1	AGTCGATCGGCTAGTC	60
1050_MCSS56_1	AGTCGATCGGCTAGTC	60
1052_MCSS56_1	AGTCGATCGGCTAGTC	60
1053_MCSS56_1	AGTCGATCGGCTAGTC	60
1054_MCSS56_1	AGTCGATCGGCTAGTC	60
1056_MCSS56_1	AGTCGATCGGCTAGTC	60
1058_MCSS56_1	AGTCGATCGGCTAGTC	60
1064_MCSS56_1	AGTCAATCGGCTAGTC	60
1066_MCSS56_1	AGTCGATCGGCTAGTC	60
1067_MCSS56_1	AGTCGATCGGCTAGTC	60
1072_MCSS56_1	AGTCGATCGGCTAGTC	60
1080_MCSS56_1	AGTCGATCGGCTAGTC	60
1082_MCSS56_1	AGTCGATCGGCTAGTC	60
1084_MCSS56_1	ATTGGATATGCAAGAC	60
1087_MCSS56_1	AGTCGATCGGCTAGTC	60
1088_MCSS56_1	AGTCGATCGGCTAGTC	60
1090_MCSS56_1	GGTTG-TC-ACAAGTC	60
1092_MCSS56_1	AGTCGATCGGCTAGTC	60
1095_MCSS56_1	AGTCGATCGGCTAGTC	60
1106_MCSS56_1	AGTTGATCGGCTAGTC	60
1108_MCSS56_1	AGTCGATCGGCTAGTC	60
1110_MCSS56_1	AGTCGATCGGCTAGTC	60
1112_MCSS56_1	AGTCGATCGGCTAGTC	60
1113_MCSS56_1	AGTCGATCGGCTAGTC	60
1115_MCSS56_1	AGTCGATCGGCTAGTC	60
1120_MCSS56_1	AGTCGATCGGCTAGTC	60
1125_MCSS56_1	AGTCGATCGGCTAGTC	60
1129_MCSS56_1	ATTCAAACCGCTTGAC	60
1132_MCSS56_1	AGTCGATCGGCTAGTC	60
1135_MCSS56_1	AGTCGATCGGCTAGTC	60
1143_MCSS56_1	AGTCGATCGGCTAGTC	60
1149_MCSS56_1	AGTCGATCGGCTAGTC	60
1154_MCSS56_1	AGTTGATCGGCTAGTC	60
1155_MCSS56_1	AGTCGATCGGCTAGTC	60
1159_MCSS56_1	AGTCGATCGGCTAGTT	60
1166_MCSS56_1	AGACGATCGGAGGGT-	60
1172_MCSS56_1	AGTCGATCGGCTAGTC	60
1173_MCSS56_1	AGTTTATCGGCTAGTC	60
1174_MCSS56_1	AGTCGATCGGCTAGTC	60
1181_MCSS56_1	AGTCGATCGGCTAGTC	60
1182_MCSS56_1	AGTCGATCGGCTAGTC	60
1186_MCSS56_1	AGTCGATCGGCTAGTC	60
1188_MCSS56_1	AGTCGATCGGCTAGTC	60
1192_MCSS56_1	AGTCGATCGGCTAGTC	60
1196_MCSS56_1	ACTC---CGGGTAGTC	60
1197_MCSS56_1	AGTCGATCGGCTAGTC	60
1198_MCSS56_1	AGTCGATCGGCTAGTC	60
1200_MCSS56_1	AGTCGATCGGCTAGTC	60
1203_MCSS56_1	AG--AATTGGCTAATG	60
1211_MCSS56_1	CG-GGAT-GGTTAGTG	60
1212_MCSS56_1	AGTCGATCGGCTAGTC	60
1213_MCSS56_1	AGTCGATCGGCTAGTC	60
1214_MCSS56_1	AGTCGATCGGCTAGTC	60
1226_MCSS56_1	AGTCGATCGGCTAGTC	60
1227_MCSS56_1	AGTCGATCGGCTAGTC	60
1228_MCSS56_1	AGTCGATCGGCTAGTC	60
1236_MCSS56_1	AGTCGATCGGCTAGTC	60
1237_MCSS56_1	AGTCGATC-GCTAGTC	60
1239_MCSS56_1	AGTCGATCGGCTAGTC	60
1242_MCSS56_1	AGTCGATCGGCTAGTC	60
1245_MCSS56_1	AGTCGATCGGCTAGTC	60
1246_MCSS56_1	AGTCGATCGGCTAGTC	60
1247_MCSS56_1	AGTCGATCGGCTAGTC	60
1248_MCSS56_1	AGTCGATCGGCTAGTC	60
1250_MCSS56_1	AGTCGATCGGCTAGTC	60
1252_MCSS56_1	AGTCGATCGGCTAGTC	60
1255_MCSS56_1	AGTCGATCGGCTAGTC	60
1256_MCSS56_1	AGTCGATCGGCTAGTC	60
1258_MCSS56_1	AGTCGATCGGCTAGTC	60
1261_MCSS56_1	AGTCGATCGGCTAGTC	60
1264_MCSS56_1	AGTCGATCGGCTAGTC	60
1265_MCSS56_1	AGTCGATCGGCTAGTC	60
1268_MCSS56_1	AGTCGATCGGCTAGTC	60
1270_MCSS56_1	AGTCGATCGGCTAGTC	60
1272_MCSS56_1	AGTCGATCGGCTAGTC	60
1273_MCSS56_1	AGTCGATCGGCTAGTC	60
1274_MCSS56_1	AGTCGATCGGCTAGTC	60
1279_MCSS56_1	AGTCGATCGGCTAGTC	60
1280_MCSS56_1	AGTCGATCGGCTAGTC	60
1281_MCSS56_1	AGTCGATCGGCTAGTC	60
1283_MCSS56_1	AGTCGATCGGCTAGTC	60
1288_MCSS56_1	ACACGATATGTTAGCA	60
1293_MCSS56_1	AGTCCATCGGCTAGTC	60
1295_MCSS56_1	AGTCGATCGGCTAGTC	60
1304_MCSS56_1	AGTCGATCGGCTAGTC	60
1309_MCSS56_1	AGTCGATCGGCTAGTC	60
1313_MCSS56_1	AGTCGATCGGCTAGTC	60
1318_MCSS56_1	AGTCGATCGGCTAGTC	60
1323_MCSS56_1	AGTCGATCGGCTAGTC	60
1330_MCSS56_1	AGTCGATCGGCTAGTC	60
1331_MCSS56_1	AGTCGATCGGCTAGTC	60
1332_MCSS56_1	ACTCCA--AGTAAGTC	60
1349_MCSS56_1	AGTCGATCGGCTAGTC	60
1355_MCSS56_1	AGTCGATCGGCTAGTC	60
1368_MCSS56_1	AGTCGATCGGCTAGTC	60
1369_MCSS56_1	AGTCGATCGGCTAGTC	60
1371_MCSS56_1	AGTCGATCGGCTAGTC	60
1379_MCSS56_1	ATTCG--CGGCTAGTG	60
1380_MCSS56_1	AGTCGATCGGCTAGTC	60
1382_MCSS56_1	AGTCGATCGGCTAGTC	60
1383_MCSS56_1	-G-CGAACTGTCACTA	60
1386_MCSS56_1	AGTCGATCGGCTAGTC	60
1391_MCSS56_1	AGTC-AAAGG-T-GAC	60
1399_MCSS56_1	AGTCGATCGGCTAGTC	60
1400_MCSS56_1	AGTCGATCGGCTAGTC	60
1408_MCSS56_1	AGTCGATCGGCTAGTC	60
1411_MCSS56_1	AGTCGATCGGCTAGTC	60
1412_MCSS56_1	AGTTGATCGGCTAGTC	60
1414_MCSS56_1	AGTCGATCGGCTAGTC	60
1420_MCSS56_1	AGTTGATCGGCTAGTC	60
1423_MCSS56_1	AGTCGATCGGCTAGTC	60
1424_MCSS56_1	AGTCGATCGGCTAGTC	60
1427_MCSS56_1	AGTCGATCGGCTAGTC	60
1428_MCSS56_1	AGTCGATCGGCTAGTC	60
1429_MCSS56_1	AGTCGATCGGCTAGTC	60
1433_MCSS56_1	AGTCGATCGGCTAGTC	60
1435_MCSS56_1	AGTCGATCGGCTAGTC	60
1436_MCSS56_1	AGTC-AAAGG-T-GAC	60
1438_MCSS56_1	AGTCGATCGGCTAGTC	60
1449_MCSS56_1	AGTCGATCGGCTAGTC	60
1452_MCSS56_1	AGTCGATCGGCTAGTC	60
1453_MCSS56_1	AGTCGATCGGCTAGTC	60
1462_MCSS56_1	AGTCGATCGGCTAGTC	60
1464_MCSS56_1	AGTCGATCGGCTAGTC	60
1465_MCSS56_1	AGTCGATCGGCTAGTC	60
1467_MCSS56_1	AGTCGATCGGCTAGTC	60
1476_MCSS56_1	AGTCGATCGGCTAGTC	60
1478_MCSS56_1	GGTCGATCGGCTAGTC	60
1480_MCSS56_1	AGTCGATCGGCTAGTC	60
1483_MCSS56_1	AGTCGATCGGCTAGTC	60
1488_MCSS56_1	AGTCGATCGGCTAGTC	60
1489_MCSS56_1	AGTCGATCGGCGAGTC	60
1495_MCSS56_1	AGTCGATCGGCTAGTC	60
1496_MCSS56_1	AGTCGATCGGCTAGTC	60
1500_MCSS56_1	AGTCGATCGGCTAGTC	60
1507_MCSS56_1	AGTCGATCGGCTAGTC	60
1509_MCSS56_1	AGTCGATCGGCTAGTC	60
1510_MCSS56_1	AGTCGATCGGCTAGTC	60
1515_MCSS56_1	AGTCGATCGGCTAGTC	60
1516_MCSS56_1	AGTCGATCGGCTAGTC	60
1517_MCSS56_1	AGTCGATCGGCTAGTC	60
1520_MCSS56_1	AGTCGATCGGCTAGTC	60
1524_MCSS56_1	AGTCGATCGGCTAGTC	60
1525_MCSS56_1	AGTCGATCGGCTAGTC	60
1526_MCSS56_1	AGTCGATCGGCTAGTC	57
1529_MCSS56_1	AGTCGATCGGCTAGTC	60
1530_MCSS56_1	AGTCGATCGGCTAGTC	60
1532_MCSS56_1	AGTCGATCGGCTAGTC	60
1535_MCSS56_1	AGTCGATCGGCTAGTC	60
1539_MCSS56_1	AGTCGATCGGCTAGTC	60
1545_MCSS56_1	AGTCGATCGGCTAGTC	60
1549_MCSS56_1	AGTCGATCGGCTAGTC	60
1552_MCSS56_1	AGTCGATCGGCTAGTC	60
1554_MCSS56_1	AGTCGATCGGCTAGTC	60
1555_MCSS56_1	AGTCGATCGGCTAGTC	60
1557_MCSS56_1	ATTAGATC--CAATTT	60
1560_MCSS56_1	AGTCGATCGGCTAGTC	60
1563_MCSS56_1	AGTCGATCGGCCAGTC	60
1568_MCSS56_1	AGTCGATCGGCTAGTC	60
1569_MCSS56_1	AGTCGATCGGCTAGTC	60
1570_MCSS56_1	AGTCGATCGGCTAGTC	60
1573_MCSS56_1	AGTCGATCGGCTAGTC	60
1577_MCSS56_1	AGTCGATCGGCTAGTC	60
1580_MCSS56_1	AGTCGATCGGCTAGTC	60
1582_MCSS56_1	AGTCGATCGGCTAGTC	60
1584_MCSS56_1	AGTCGATCGGCTAGTC	60
1586_MCSS56_1	AGTCGATCGGCTAGTC	60
1587_MCSS56_1	AGTCGATCGGCTAGTC	60
1589_MCSS56_1	AGTC-ATTGGCTAGTC	60
1590_MCSS56_1	AGTCGATCGGCTAGTC	60
1591_MCSS56_1	AGTCGATCGGCTAGTC	60
1596_MCSS56_1	AGTCGATCGGCTAGTC	60
1599_MCSS56_1	AGTCGATCGGCTAGTC	60
1601_MCSS56_1	AGTCGATCGGCTAGTC	60
1607_MCSS56_1	AGTCGATCGGCTAGTC	60
1610_MCSS56_1	AGTCGATCGGCTAGTC	60
1615_MCSS56_1	AGTCGATCGGCTAGTC	60
1617_MCSS56_1	AGTCGATCGGCTAGTC	60
1623_MCSS56_1	AGTCGATCGGCTAGTC	60
1626_MCSS56_1	AGTCGATCGGCTAGTC	60
1627_MCSS56_1	AGTCGATCGGCTAGTC	60
1628_MCSS56_1	AGTCGATCGGCTAGTC	60
1631_MCSS56_1	AGTCGATCGGCTAGTC	60
1636_MCSS56_1	AGTCGATCGGCTAGTC	60
1637_MCSS56_1	AGTCATTCAACTAGTC	60
1641_MCSS56_1	AGTCGATCGGCTAGTC	60
1647_MCSS56_1	AGTCGATCGGCTAGTC	60
1653_MCSS56_1	AGTCGATCGGCTAGTC	60
1663_MCSS56_1	AGTCGATCGGCTAGTC	60
1665_MCSS56_1	AGTCGATCGGCTAGTC	60
1670_MCSS56_1	AGTCGATCGGCTAGTC	60
1679_MCSS56_1	AGTCGATCGGCTAGTC	60
1680_MCSS56_1	AGTCGATCGGCTAGTC	60
1686_MCSS56_1	AGTCGATCGGCTAGTC	60
1690_MCSS56_1	AGTCGATCGGCTAGTC	60
1692_MCSS56_1	AGTCGATCGGCTAGTC	60
1693_MCSS56_1	AGTCGATCGGCTAGTC	60
1695_MCSS56_1	AGTCGATCGGCTAGTC	60
1696_MCSS56_1	AGTCGATCGGCTAGTC	60
1698_MCSS56_1	AGTCGATCGGCTAGTC	60
1703_MCSS56_1	AGTCGATCGGCTAGTC	60
1709_MCSS56_1	AGTCGATCGGCTAGTC	60
1711_MCSS56_1	AGTCGATCGGCTAGTC	60
1712_MCSS56_1	AGTCGATCGGCTAGTC	60
1714_MCSS56_1	AGTCGATCGGCTAGTC	60
1715_MCSS56_1	AGTCGATCGGCTAGTC	60
1717_MCSS56_1	AGTCGATCGGCTAGTC	60
1720_MCSS56_1	AGTCGATCGGCTAGTC	60
1722_MCSS56_1	AGTCGATCGGCTAGTC	60
1724_MCSS56_1	AGTCGATCGGCTAGTC	60
1731_MCSS56_1	AGTCGATCGGCTAGTC	60
1742_MCSS56_1	AGTCGATCGGCTAGTC	60
1745_MCSS56_1	AGTCGATCGGCTAGTC	60
1746_MCSS56_1	AGTCGATCGGCTAGTC	60
1748_MCSS56_1	AGTCGATCGGCTAGTC	60
1749_MCSS56_1	AGTCGATCGGCTAGTC	60
1752_MCSS56_1	AGTCGATCGGCTAGTC	60
1757_MCSS56_1	AGTCGATCGGCTAGTC	60
1761_MCSS56_1	AGTCGATCGGCTAGTC	60
1763_MCSS56_1	AGTCGATCGGCTAGTC	60
1766_MCSS56_1	AGTCGATCGGCTAGTC	60
1770_MCSS56_1	AGTCGATCGGCTAGTC	60
1771_MCSS56_1	AGTCGATCGGCTAGTC	60
1778_MCSS56_1	AGTCGATCGGCTAGTC	60
1781_MCSS56_1	AGTCGATCGGCTAGTC	60
1795_MCSS56_1	AGTCGATCGGCTAGTC	60
1797_MCSS56_1	AGTCGATCGGCTAGTC	60
1799_MCSS56_1	AGTCGATCGGCTAGTC	60
1805_MCSS56_1	AGTCGATCGGCTAGTC	60
1809_MCSS56_1	AGTCGATCGGCTAGTC	60
1815_MCSS56_1	AGTCGATCGGCTAGTC	60
1816_MCSS56_1	AGTCGATCGGCTAGTC	60
1818_MCSS56_1	AGTCGATCGGCTAGTC	60
1820_MCSS56_1	AGTCGATCGGCTAGTC	60
1821_MCSS56_1	AGTCGATCGGCTAGTC	60
1822_MCSS56_1	GGTCTATGGGTTA--C	60
1823_MCSS56_1	AGTCGATCGGCTAGTC	60
1826_MCSS56_1	AGTCGATCGGCTAGTC	60
1829_MCSS56_1	AGTCGATCGGCTAGTC	60
1831_MCSS56_1	AGTCGATCGGCTAGTC	60
1834_MCSS56_1	AGTCGATCGGCTAGTC	60
1836_MCSS56_1	AGTCGATCGGCTAGTC	60
1837_MCSS56_1	AGTCGATCGGCTAGTC	60
1838_MCSS56_1	AGTCGATCGGCTAGTC	60
1841_MCSS56_1	AGTCGATCGGCTAGTC	60
1843_MCSS56_1	A-TAAAGCACATAGTC	55
1844_MCSS56_1	AGTCGATCGGCTAGTC	60
1850_MCSS56_1	AGTC-AAAGG-T-GAC	28
1855_MCSS56_1	AGTCGATCGGCTAGTC	60
1856_MCSS56_1	AGTCGATCGGCTAGTC	60
1857_MCSS56_1	AGTCGATCGGCTAGTC	60
1858_MCSS56_1	AGTCGATCGGCTAGTC	60
1860_MCSS56_1	AGTCGATCGGCTAGTC	60
1868_MCSS56_1	AGTCGATCGGCTAGTC	60
1869_MCSS56_1	AGTCGATCGGCTAGTC	60
1878_MCSS56_1	AGTCGATCGGCTAGTC	60
1884_MCSS56_1	AGTCGATCGGCTAGTC	60
1887_MCSS56_1	AGTCGATCGGCTAGTC	60
1889_MCSS56_1	AGTCGATCGGCTAGTC	60
1902_MCSS56_1	AGTCGATCGGCTAGTC	60
1906_MCSS56_1	AGTCGATCGGCTAGTC	60
1909_MCSS56_1	AGTCGATCGGCTAGTC	60
1910_MCSS56_1	AGTCGATCGGCTAGTC	60
1912_MCSS56_1	AGTCGATCGGCTAGTC	60
1916_MCSS56_1	AGTCGATCGGCTAGTC	60
1930_MCSS56_1	AGTCGATCGGCTAGTC	60
1934_MCSS56_1	AGTCGATCGGCTAGTC	60
1935_MCSS56_1	AGTCGATCGGCTAGTC	60
1939_MCSS56_1	AGTCGATCGGCTAGTC	60
1942_MCSS56_1	AGTCGATCGGCTAGTC	60
1943_MCSS56_1	AGTCGATCGGCTAGTC	60
1950_MCSS56_1	AGTCGATCGGCTAGTC	60
1952_MCSS56_1	AGTCGATCGGCTAGTC	60
1955_MCSS56_1	AGTCGATCGGCTAGTC	60
1958_MCSS56_1	AGTCGATCGGCTAGTC	60
1960_MCSS56_1	AGTCGATCGGCTAGTC	60
1964_MCSS56_1	AGTCGATCGGCTAGTC	60
1969_MCSS56_1	AGTCGATCGGCTAGTC	60
1977_MCSS56_1	AGTCGATCGGCTAGTC	60
1985_MCSS56_1	AGTCGATCGGCTAGTC	60
1990_MCSS56_1	AGTCGATCGGCTAGTC	60
1995_MCSS56_1	AGTCGATCGGCTAGTC	60
1997_MCSS56_1	AGTCGATCGGCTAGTC	60
2001_MCSS56_1	AGTCGATCGGCTAGTC	60
2002_MCSS56_1	AGTCGATCGGCTAGTC	60
2006_MCSS56_1	AGTCGATCGGCTAGTC	60
2010_MCSS56_1	AGTCGATCGGCTAGTC	60
2014_MCSS56_1	AGTCGATCGGCTAGTC	60
2016_MCSS56_1	AGTCGATCGGCTAGTC	60
2023_MCSS56_1	AGTCGATCGGCTAGTC	60
2032_MCSS56_1	AGTCGATCGGCTAGTC	60
2034_MCSS56_1	AGTCGATCGGCTAGTC	60
2040_MCSS56_1	AGTCGATCGGCTAGTC	60
2041_MCSS56_1	A---GATCGGCTAGTC	60
2043_MCSS56_1	AGTCGATCGGCTAGTC	60
2044_MCSS56_1	AGTCGATCGGCTAGTC	60
2049_MCSS56_1	AGTCGATCGGCTAGTC	60
2050_MCSS56_1	AGTCGATCGGCTAGTC	60
2052_MCSS56_1	AGTTGATCGGCTAGTC	60
2053_MCSS56_1	AGTCGATCGGCTAGTC	60
2054_MCSS56_1	AGTCGATCGGCTAGTC	60
2055_MCSS56_1	AGTCGATCGGCTAGTC	60
2056_MCSS56_1	AGTCGATCGGCTAGTC	60
2057_MCSS56_1	AGTCGATCGGCTAGTC	60
2058_MCSS56_1	AGTCGATCGGCTAGTC	60
2066_MCSS56_1	AGTCGATCGGCTAGTC	60
2071_MCSS56_1	AGTCGATCGGCTAGTC	60
2074_MCSS56_1	AGTCGATCGGCTAGTC	60
2085_MCSS56_1	AGTCGATCGGCTAGTC	60
2089_MCSS56_1	AGTCGATCGGCTAGTC	60
2093_MCSS56_1	AGTCGATCGGCTAGTC	60
2097_MCSS56_1	AGTCGATC----AGTC	60
2098_MCSS56_1	AGTCGATCGGCTAGTC	60
2101_MCSS56_1	AGTCGATCGGCTAGTC	60
2102_MCSS56_1	AGTCGATCGGCTAGTC	60
2111_MCSS56_1	AGTCGATCGGCTAGTC	60
2112_MCSS56_1	AGTCGATCGGCTAGTC	60
2115_MCSS56_1	AGTCGATCGGCTAGTC	60
2116_MCSS56_1	AGTCGATCGGCTAGTC	60
2120_MCSS56_1	AGTCGATCGGCTAGTC	60
2121_MCSS56_1	AGTCGATCGGCTAGTC	60
2122_MCSS56_1	AGTCGATCGGCTAGTC	60
2128_MCSS56_1	AGTCGATCGGCTAGTC	60
2131_MCSS56_1	AGTCGATCGGCTAGTC	60
2132_MCSS56_1	AGTCGATCGGCTAGTC	60
2138_MCSS56_1	AGTCGATCGGCTAGTC	60
2146_MCSS56_1	AGTCGATCGGCTAGTC	60
2147_MCSS56_1	AGTCGATCGGCTAATC	60
2150_MCSS56_1	AGTCGATCGGCTAGTC	60
2154_MCSS56_1	AGTCGATCGGCTAGTC	60
2158_MCSS56_1	AGTCGATCGGCTAGTC	60
2159_MCSS56_1	AGTCGATCGGCTAGTC	60
2163_MCSS56_1	AGTCGATCGGCTAGTC	60
2166_MCSS56_1	AGTCGATCGGCTAGTC	60
2169_MCSS56_1	AGTCGATCGGCTAGTC	60
2170_MCSS56_1	AGTCGATCGGCTAGTC	60
2174_MCSS56_1	AGTCGATCGGCTAGTC	60
2176_MCSS56_1	AGTCGATCGGCTAGTC	60
2182_MCSS56_1	AGTCGATCGGCTAGTC	60
2186_MCSS56_1	AGTTGATC-GCTAGTC	60
2187_MCSS56_1	AGTCGATCGGCTAGTC	60
2188_MCSS56_1	AGTCGATCGGCTAGTC	60
2192_MCSS56_1	AGTCGATCGGCT----	60
2195_MCSS56_1	AGTCGATCGGCTAGTC	60
2198_MCSS56_1	AGTCGATCGGCTAGTC	60
2199_MCSS56_1	AGTCGATCGGCTAGTC	60
2201_MCSS56_1	AGTCGATCGGCTAGTC	60
2205_MCSS56_1	AGTCGATCGGCTAGTC	60
2209_MCSS56_1	AGTCGATCGGCTAGTC	60
2210_MCSS56_1	AGTCGATCGGCTAGTC	60
2216_MCSS56_1	AGTCGATCGGCTAGTC	60
2221_MCSS56_1	AGTCGATCGGCTAGTC	60
2228_MCSS56_1	AGTCGATCGGCTAGTC	60
2231_MCSS56_1	AGTCGATCGGCTAGTC	60
2244_MCSS56_1	AGTCGATCGGCTAGTC	60
2248_MCSS56_1	A-TAGATAGGCGAGTC	60
2250_MCSS56_1	TGTTGAACTGGTAGAT	60
2253_MCSS56_1	AGTCGATCGGCTAGTC	60
2254_MCSS56_1	AGTCGATCGGCTAGTC	60
2259_MCSS56_1	AATAGA-AGGATGGCC	60
2268_MCSS56_1	AGTCGATCGGCTAGTC	60
2269_MCSS56_1	AGTCGATCGGCTAGTC	60
2274_MCSS56_1	AGTCGATCGGCTAGTC	60
2276_MCSS56_1	AGTCGATCGGCTAGTC	60
2282_MCSS56_1	AGTTTATTGGCCAGAT	60
2285_MCSS56_1	GGTCGTACGCCT-G--	60
2287_MCSS56_1	AGTCGATCGGC-AGTC	60
2288_MCSS56_1	AGTCGATCGGCTAGTC	60
2291_MCSS56_1	AGTCGATCGGCTAGTC	60
2295_MCSS56_1	AGTCGATCGGCTAGTC	60
2300_MCSS56_1	AGTCGATCGGCTAGTC	60
2307_MCSS56_1	AGTCGATCGGCTAGTC	60
2311_MCSS56_1	AGTCGATCGGCTAGTC	60
2320_MCSS56_1	AGTCGATCGGCTAGTC	60
2325_MCSS56_1	AGTCGATCGGCTAGTC	60
2327_MCSS56_1	AGTCGATCGGCTAGTC	60
2330_MCSS56_1	A-TAGATAG--TAATC	60
2334_MCSS56_1	AGTCGATCGGCTAGTC	60
2336_MCSS56_1	AGTCGATCGGCTAGTC	60
2339_MCSS56_1	AGTCGATCGGCTAGTC	60
2340_MCSS56_1	AGTCGATCGGCTAGTC	60
2344_MCSS56_1	AGTCGATCGGCTAGTC	60
2345_MCSS56_1	AGTCGATCGGCTAGTC	60
2346_MCSS56_1	AGTCGATCGGCTAGTC	60
2347_MCSS56_1	AGTCGATCGGCTAGTC	60
2362_MCSS56_1	AGTCGATCGGCTAGTC	60
2365_MCSS56_1	AGTCGATCGGCTAGTC	60
2367_MCSS56_1	AGTCGATCGGCTAGTC	60
2372_MCSS56_1	AGTCGATCGGCTAGTC	60
2373_MCSS56_1	AGTCGATCGGCTAGTC	60
2375_MCSS56_1	AGTCGATCGGCTAGTC	60
2376_MCSS56_1	AGTCGATCGGCTAGTC	60
2377_MCSS56_1	AGTCGATCGGCTAGTC	60
2388_MCSS56_1	AGTCGATCGGCTAGTC	60
2389_MCSS56_1	AGTCGATCGGCTAGTC	60
2390_MCSS56_1	AGTCGATCGGCTAGTC	60
2392_MCSS56_1	AGTCGATCGGCTAGTC	60
2395_MCSS56_1	AGTCGATCGGCTAGTC	60
2398_MCSS56_1	AGTCGATCGGCTAGTC	60
2407_MCSS56_1	AGTC-ATCGGCTAGTC	60
2408_MCSS56_1	AGTCGATCGGCTAGTC	60
2410_MCSS56_1	AGTCGATCGGCTAGTC	60
2413_MCSS56_1	AGTCGATCGGCTAGTC	60
2415_MCSS56_1	AGTCGATCGGCTAGTC	60
2417_MCSS56_1	AGTCGATCGGCTAGTC	60
2425_MCSS56_1	AGTCGATCGGCTAGTC	60
2426_MCSS56_1	AGTCGATCGGCTAGTC	60
2427_MCSS56_1	AGTCGATCGGCTAGTC	60
2428_MCSS56_1	AGTCGATCGGCTAGTC	60
2430_MCSS56_1	AGTCGATCGGCTAGTC	60
2431_MCSS56_1	AGCTGATCGGCTAGTC	60
2443_MCSS56_1	AGTCGATCGGCTAGTC	60
2444_MCSS56_1	-GTCGATC--CTAGTC	60
2445_MCSS56_1	AGTCGATCGGCTAGTC	60
2446_MCSS56_1	AGTCGATCGGCTAGTC	60
2449_MCSS56_1	AGTCGATCGGCTAGTC	60
2450_MCSS56_1	AGTCGATCGGCTAGTC	60
2452_MCSS56_1	AGTCGATCGGCTAGTC	60
2453_MCSS56_1	AGTCGATCGGCTAGTC	60
2455_MCSS56_1	AGTCGATCGGCTAGTC	60
2463_MCSS56_1	AGTCGATCGGCTAGTC	60
2464_MCSS56_1	AGTCGATCGGCTAGTC	60
2467_MCSS56_1	AGTCGATCGGCTAGTC	60
2469_MCSS56_1	AGTCGATCGGCTAGTC	60
2473_MCSS56_1	AGTCGATCGGCTAGTC	60
2474_MCSS56_1	AGTCGATCGGCTAGTC	60
2477_MCSS56_1	AGTCGATCGGCTAGTC	60
2481_MCSS56_1	AGTCGATCGGCTAGTC	60
2482_MCSS56_1	AGTCGATCGGCTAGTC	60
2487_MCSS56_1	AGTCGATCGGCTAGTC	60
2502_MCSS56_1	AGTCGATCGGCTAGTC	60
2507_MCSS56_1	AGTCGATCGGCTAGTC	60
2508_MCSS56_1	AGTCGATCGGCTAGTC	60
2512_MCSS56_1	AGTCGATCGGCTAGTC	60
2518_MCSS56_1	AGTCGATCGGCTAGTC	60
2519_MCSS56_1	AGTCGATCGGCTAGTC	60
2524_MCSS56_1	AGTCTATCTG-TAGTC	60
2527_MCSS56_1	AGTCGATCGGCTAGTC	60
2528_MCSS56_1	AGTCGATCGGCTAGTC	60
2530_MCSS56_1	AGTCGATCGGCTAGTC	60
2531_MCSS56_1	AGTCGATCGGCTAGTC	60
2532_MCSS56_1	AGTCGATCGGCTAGTC	60
2534_MCSS56_1	AGTCGATCGGCTAGTC	60
2537_MCSS56_1	AGTCGATCGGCTAGTC	60
2542_MCSS56_1	AGTCGATCGGCTAGTC	60
2545_MCSS56_1	AGTCGATCGGCTAGTC	60
2549_MCSS56_1	AGTCGATCGGCTAGTC	60
2551_MCSS56_1	AGTCGATCGGCTAGTC	60
2559_MCSS56_1	AGTCGATCGGCTAGTC	60
2562_MCSS56_1	AGTCGATCGGCTAGTC	60
2572_MCSS56_1	AGTCGATCGGCTAGTC	60
2574_MCSS56_1	AGTCGATCGGCTAGTC	60
2575_MCSS56_1	AGTCGATCGGCTAGTC	60
2577_MCSS56_1	AGTCGATCGGCTAGTC	60
2579_MCSS56_1	AGTCGATCGGCTAGTC	60
2583_MCSS56_1	AGTCGATCGGCTAGTC	60
2589_MCSS56_1	AGTCGATCGGCTAGTC	60
2590_MCSS56_1	AGTCGATCGGCTAGTC	60
2593_MCSS56_1	AGTCGATCGGCTAGTC	60
2596_MCSS56_1	AGTCGATCGGCTAGTC	60
2598_MCSS56_1	AGTCGATCGGCTAGTC	60
2602_MCSS56_1	AGTCGATCGGCTAGTC	60
2605_MCSS56_1	AGTCGATCGGCTAGTC	60
2606_MCSS56_1	AGTCGATCGGCTAGTC	60
2607_MCSS56_1	AGTCGATCGGCTAGTC	60
2610_MCSS56_1	AGTCGATCGGCTAGTC	60
2611_MCSS56_1	AGTCGATCGGCTAGTC	60
2618_MCSS56_1	AGTCGATCGGCTAGTC	60
2622_MCSS56_1	AGTCGATCGGCTAGTC	60
2624_MCSS56_1	AGTCGATCGGCTAGTC	60
2632_MCSS56_1	AGTCGATCGGCTAGTC	60
2636_MCSS56_1	AGTCGATCGGCTAGTC	60
2639_MCSS56_1	AGTCGATCGGCTAGTC	60
2640_MCSS56_1	AGTCGATCGGCTAGTC	60
2646_MCSS56_1	AGTCGATCGGCTAGTC	60
2647_MCSS56_1	AGTCGATCGGCTAGTC	60
2648_MCSS56_1	AGTCGATCGGCTAGTC	60
2653_MCSS56_1	AGTCGATCGGCTAGTC	60
2654_MCSS56_1	AGTCGATCGGCTAGTC	60
2657_MCSS56_1	AGTCGATCGGCTAGTC	60
2660_MCSS56_1	AGTCGATCGGCTAGTC	60
2662_MCSS56_1	AGTCGATCGGCTAGTC	60
2673_MCSS56_1	AGTCGATCGGCTAGTC	60
2678_MCSS56_1	AGTCGATCGGCTAGTC	60
2684_MCSS56_1	AGTCGATCGGCTAGTC	60
2685_MCSS56_1	AGTCGATCGGCTAGTC	60
2690_MCSS56_1	AGTCGATCGGCTAGTC	60
2692_MCSS56_1	AGTCGATCGGCTAGTC	60
2693_MCSS56_1	AGTCGATCGGCTAGTC	60
2697_MCSS56_1	AGTCGATCGGCTAGTC	60
2700_MCSS56_1	AGTCGATCGGCTAGTC	60
2704_MCSS56_1	AGTCGATCGGCTAGTC	60
2707_MCSS56_1	AGTCGATCGGCTAGTC	60
2708_MCSS56_1	AGTCGATCGGCTAGTC	60
2711_MCSS56_1	AAACGGTAGACAATTC	60
2712_MCSS56_1	AGTCGATCGGCTAGTC	60
2713_MCSS56_1	AGTCGATCGGCTAGTG	60
2716_MCSS56_1	AGTCGATCGGCTAGTC	60
2718_MCSS56_1	AGTCGATCGGCTAGTC	60
2720_MCSS56_1	AGTCGATCGGCTAGTC	60
2724_MCSS56_1	AGTCGATCGGCTAGTC	60
2725_MCSS56_1	AGTCGATCGGCTAGTC	60
2733_MCSS56_1	AGTCGATCGGCTAGTC	60
2740_MCSS56_1	AGTCGATCGGCTAGTC	60
2741_MCSS56_1	ACTCAAT----TATTC	60
2744_MCSS56_1	AGTCGATCGGCTAGTC	60
2745_MCSS56_1	AGTCGATCGGCTAGTC	60
2750_MCSS56_1	AGTCGATCGGCTAGTC	60
2751_MCSS56_1	AGTCGATCGGCTAGTC	60
2752_MCSS56_1	AGTCGATCG--TAGTC	60
2757_MCSS56_1	AGTCGATCGGCTAGTC	60
2758_MCSS56_1	AGTCGATCGGCTAGTC	60
2760_MCSS56_1	AGTCGATCGGCTAGTC	60
2762_MCSS56_1	AGTCGATCGGCTAGTC	60
2765_MCSS56_1	AGTCGATCGGCTAGTC	60
2770_MCSS56_1	AGTCGATCGGCTAGTC	60
2771_MCSS56_1	AGTCGATCGGCGAGTT	60
2773_MCSS56_1	AGTCGATCGGCTAGTC	60
2778_MCSS56_1	AGTCGATCGGCTAGTC	60
2779_MCSS56_1	AGTCGATCGGCTAGTC	60
2781_MCSS56_1	AGTCGATCGGCTAGTC	60
2782_MCSS56_1	AGTTGATCGGCTAGTC	60
2783_MCSS56_1	AGTCGATCGGCTAGTC	60
2785_MCSS56_1	AGTCGATCGGCTAGTC	60
2792_MCSS56_1	AGTCGATCGGCTAGTC	60
2793_MCSS56_1	AGTCGATCGGCTAGTC	60
2794_MCSS56_1	AGTCGATCGGCTAGTC	60
2796_MCSS56_1	AGTCGATCGGCTAGTC	60
2797_MCSS56_1	AGTCGATCGGCTAGTC	60
2800_MCSS56_1	AGTCGATCGGCTAGTC	60
2802_MCSS56_1	AGTCGATCGGCTAGTC	60
2806_MCSS56_1	AGTCGATCGGCTAGTC	60
2807_MCSS56_1	AGTCGATCGGCTAGTC	60
2808_MCSS56_1	AGTCGATCGGCTAGTC	60
2811_MCSS56_1	AGTCGATCGGCTAGTC	60
2813_MCSS56_1	AGTCGATCGGCTAGTC	60
2819_MCSS56_1	AGTCGATCGGCTAGTC	60
2820_MCSS56_1	AGTCGATCGGCTAGTC	60
2821_MCSS56_1	AGTCGATCGGCTAGTC	60
2822_MCSS56_1	AGTCGATCGGCTAGTC	60
2826_MCSS56_1	AGTCGATCGGCTAGTC	60
2827_MCSS56_1	AGTCGATCGGCTAGTC	60
2829_MCSS56_1	AGTCGATCGGCTAGTC	60
2832_MCSS56_1	AGTCGATCGGCTAGTC	60
2833_MCSS56_1	AGTCGATCGGCTAGTC	60
2836_MCSS56_1	AGTCGATCGGCTAGTC	60
2843_MCSS56_1	AGTCGATCGGCTAGTC	60
2844_MCSS56_1	AGTCGATCGGCTAGTC	60
2849_MCSS56_1	AGTCGATCGGCTAGTC	60
2850_MCSS56_1	AGTCGATCGGCTAGTC	60
2852_MCSS56_1	AGTCGATCGGCTAGTC	60
2854_MCSS56_1	AGTCGATCGGCTAGTC	60
2858_MCSS56_1	AGTCGATCGGCTAGTC	60
2859_MCSS56_1	AGTCGATCGGCTAGTC	60
2865_MCSS56_1	AGTCGATCGGCCAGTC	60
2868_MCSS56_1	AGTCGATCGGCTAGTC	60
2875_MCSS56_1	AGTCGATCGGCTAGTC	60
2883_MCSS56_1	AGTCGATCGGCTAGTC	60
2884_MCSS56_1	AGTCGATCGGCTAGTC	60
2885_MCSS56_1	AGTCGATCGGCTAGTC	60
2886_MCSS56_1	AGTCGATCGGCTAGTC	60
2887_MCSS56_1	AGTCGATCGGCTAGTC	60
2895_MCSS56_1	AGTCGATCGGCTAGTC	60
2896_MCSS56_1	AGTCGATCGGCTAGTC	60
2899_MCSS56_1	AGTCGATCGGCTAGTC	60
2900_MCSS56_1	AGTCGATCGGCTAGTC	60
2905_MCSS56_1	AGTCGATCGGCTAGTC	60
2910_MCSS56_1	AGTCGATCGGCTAGTC	60
2914_MCSS56_1	AGTCGATCGGCTAGTC	60
2918_MCSS56_1	AGTCGATCCGCTAGTC	60
2919_MCSS56_1	AGTCGATCGGCTAGTC	60
2920_MCSS56_1	AGTAG-TAG--TAGCC	60
2922_MCSS56_1	AGTCGATCGGCTAGTC	60
2926_MCSS56_1	AGTCGATCGGCTAGTC	60
2929_MCSS56_1	AGTCGATCGGCTAGTC	60
2934_MCSS56_1	AGTCGATCGGCTAATC	60
2944_MCSS56_1	AGTCGATCGGCTAGTC	60
2948_MCSS56_1	AGTCGATCGGCTAGTC	60
2952_MCSS56_1	AGTCGATCGGCTAGTC	60
2954_MCSS56_1	AGTCGATCGGCTAGTC	60
2960_MCSS56_1	AGTCGATCGGCTAGTC	60
2962_MCSS56_1	AGTCGATCGGCTAGTC	60
2965_MCSS56_1	AGTCGATCGGCTAGTC	60
2974_MCSS56_1	AGTCGATCGGCTAGTC	60
2976_MCSS56_1	AGTCGATCGGCTAGTC	60
2977_MCSS56_1	AGTCGATCGGCTAGTC	60
2979_MCSS56_1	AGTCGATCGGCTAGTC	60
2982_MCSS56_1	AGTCGATCGGCTAGTC	60
2986_MCSS56_1	AGTCGATCGGCTAGTC	60
2988_MCSS56_1	AGTCGATCGGCTAGTC	60
2989_MCSS56_1	AGTCGATCGGCTAGTC	60
2992_MCSS56_1	AGTCGATCGGCTAGTC	60
2996_MCSS56_1	AGTCGATCGGCTAGTC	60
3001_MCSS56_1	AGTCGATCGGCTAGTC	60
3002_MCSS56_1	AGTCGATCGGCTAGTC	60
3007_MCSS56_1	AGTCGATCGGCTAGTC	60
3010_MCSS56_1	AGTCGATCGGCTAGTC	60
3011_MCSS56_1	AGTTGATCGGCTAGTC	60
3015_MCSS56_1	AGTCGATCGGCTAGTC	60
3016_MCSS56_1	AGTCGATCGGCTAGTC	60
3018_MCSS56_1	AGTCGATCGGCTAGTC	60
3020_MCSS56_1	AGTCGATCGGCTAGTC	60
3025_MCSS56_1	AGTCGATCGGCTAGTC	60
3027_MCSS56_1	AGTCGATCGGCTAGTC	60
3028_MCSS56_1	AGTCGATCGGCTAGTC	60
3031_MCSS56_1	AGTCGA-CGGCTAGTC	60
3034_MCSS56_1	AGTCGATCGGCTAGTC	60
3036_MCSS56_1	AGTCGATCGGCTAGTC	60
3037_MCSS56_1	AGTCGATCGGCTAGTC	60
3039_MCSS56_1	AGTCGATCGGCTAGTC	60
3045_MCSS56_1	AGTCGATCGGCTAGTC	60
3046_MCSS56_1	AGTCGATCGGCTAGTC	60
3047_MCSS56_1	AGTCGATCGGCTAGTC	60
3051_MCSS56_1	AGTCGATCGGCTAGTC	60
3052_MCSS56_1	AGTCGATCGGCTAGTC	60
3055_MCSS56_1	AGTCGATCGGCTAGTC	60
3057_MCSS56_1	AGTCGATCGGCTAGTC	60
3060_MCSS56_1	AGTCGATCGGCTAGTC	60
3061_MCSS56_1	AGTCGATCGGCTAGTC	60
3064_MCSS56_1	AGTCGATCGGCTAGTC	60
3066_MCSS56_1	AGTCGATCGGCTAGTC	60
3068_MCSS56_1	AGTCGATCGGCTAGTC	60
3072_MCSS56_1	AGTCGATCGGCTAGTC	60
3074_MCSS56_1	AGTCGATCGGCTAGTC	60
3080_MCSS56_1	AGTCGATCGGCTAGTC	60
3085_MCSS56_1	AGTCGATCGGCTAGTC	60
3087_MCSS56_1	AGTCGATCGGCTAGTC	60
3088_MCSS56_1	AGTCGATCGGCTAGTC	60
3093_MCSS56_1	AGTCGATCGGCTAGTC	60
3094_MCSS56_1	AGTCGATCGGCTAGTC	60
3099_MCSS56_1	AGTCGATCGGCTAGTC	60
3103_MCSS56_1	AGTCGATCGGCTAGTC	60
3104_MCSS56_1	AGTCGATCGGCTAGTC	60
3106_MCSS56_1	AGTCGATCGGCTAGTC	60
3111_MCSS56_1	AGTCGATCGGCTAGTC	60
3126_MCSS56_1	AGT-GATAATGTAGTG	60
3128_MCSS56_1	AGTCGATCGGCTAGTC	60
3129_MCSS56_1	AATCGAAGTGCTAGTG	60
3141_MCSS56_1	AGTCGATCGGCTAGTC	60
3146_MCSS56_1	AGTCGATCGGCTAGTC	60
3147_MCSS56_1	AGTCGATCGGCTAGTC	60
3148_MCSS56_1	AGTCGATCGGCTAGTC	60
3149_MCSS56_1	AGTCGATCGGCTAGTC	60
3152_MCSS56_1	AGTCGATCGGCTAGTC	60
3154_MCSS56_1	AGTCGATCGGCTAGTC	60
3161_MCSS56_1	AGTCGATCGGCTAGTC	60
3166_MCSS56_1	AGTCGATCGGCTAGTC	60
3167_MCSS56_1	AGTCGATCGGCTAGTC	60
3175_MCSS56_1	A----ATAGGCTAGAA	60
3177_MCSS56_1	AGTCGATCGGCTAGTC	60
3178_MCSS56_1	AGTCGATCGGCTAGTC	60
3179_MCSS56_1	AGTCGATCGGCTAGTC	60
3182_MCSS56_1	AGTCGATCGGCTAGTC	60
3184_MCSS56_1	AGTCGATCGGCTAGTC	60
3189_MCSS56_1	A--CGATCAGC-ATTG	60
3192_MCSS56_1	AGTCGATCGGCTAGTC	60
3195_MCSS56_1	AGTCGATCGGCTAGTC	60
3197_MCSS56_1	AGTCGATCGGCTAGTC	60
3198_MCSS56_1	AGTCGATCGGCTAGTC	60
3206_MCSS56_1	AGTCGATCGGCTAGTC	60
3210_MCSS56_1	AGTCGATCGGCTAGTC	60
3215_MCSS56_1	AGTCGATCGGCTAGTC	60
3221_MCSS56_1	AGTTGATCGGCTAGTC	60
3227_MCSS56_1	AGTCGATCGGCTAGTC	60
3228_MCSS56_1	AGTCGATCGGCTAGTC	60
3229_MCSS56_1	AGTCGATCGGCTAGTC	60
3231_MCSS56_1	AGTCGATCGGCTAGTC	60
3234_MCSS56_1	AGTCGATCGGCTAGTC	60
3236_MCSS56_1	AGTCGATCGGCTAGT-	60
3240_MCSS56_1	AGTCGATCGGCTAGTC	60
3241_MCSS56_1	AGTCGATCGGCTAGTC	60
3242_MCSS56_1	AGTCGATCGGCTAGTC	60
3246_MCSS56_1	AGTTGATCGGCTAGTC	60
3247_MCSS56_1	CGTTGATC----AGTC	60
3250_MCSS56_1	AGTCGATCGGCTAGTC	60
3252_MCSS56_1	AGTCGATCGGCTAGTC	60
3253_MCSS56_1	AGTCGATCGGCTAGTC	60
3257_MCSS56_1	AGCTGATC-GCTAGTC	60
3259_MCSS56_1	AGTCGATCGGCTAGTC	60
3262_MCSS56_1	AGTCGATCGGCTAGTC	60
3269_MCSS56_1	AGTCGATCGGCTAGTC	60
3274_MCSS56_1	AGTAAAACAG-TAGTC	60
3275_MCSS56_1	AGTCGATCGGCTAGTC	60
3282_MCSS56_1	AGTCGATCGGCTAGTC	60
3283_MCSS56_1	AGTCGATCGGCTAGTC	60
3284_MCSS56_1	AGTCGATCGGCTAGTC	60
3285_MCSS56_1	AGTCGATCGGCTAGTC	60
3286_MCSS56_1	AGTCGATCGGCTAGTC	60
3293_MCSS56_1	AGTCGATCGGCTAGTC	60
3298_MCSS56_1	AGTCGATCGGCTAGTC	60
3301_MCSS56_1	AGTCGATCGGCTAGTC	60
3306_MCSS56_1	AGTCGATCGGCTAGTC	60
3308_MCSS56_1	AGTCGATCGGCTAGTC	60
3312_MCSS56_1	AGTCGATCGGCTAGTC	60
3323_MCSS56_1	AGTCGATCGGCTAGTC	60
3324_MCSS56_1	AGTCGATCGGCTAGTC	60
3325_MCSS56_1	AGTCGATCGGCTAGTC	60
3326_MCSS56_1	AGTCGATCGGCTAGTC	60
3327_MCSS56_1	AGTCGATCGGCTAGTC	60
3333_MCSS56_1	AGTCGATCGGCTAGTC	60
3334_MCSS56_1	GTTCTATCGGCTAGTC	60
3341_MCSS56_1	AGTCGATCGGCTAGTC	60
3343_MCSS56_1	AGTCGATCGGCTAGTC	60
3346_MCSS56_1	AGTCCAT-GAAAAGGG	60
3349_MCSS56_1	AGTCGATCGGCTAGTC	60
3351_MCSS56_1	AGTCGATCGGCTAGTC	60
3354_MCSS56_1	AGTCGATCGGCTAGTC	60
3356_MCSS56_1	AGTCGATCGGCTAGTC	60
3360_MCSS56_1	AGTCGATCGGCTAGTC	60
3361_MCSS56_1	AGTCGATCGGCTAGTC	60
3362_MCSS56_1	AGTCGATCGGCTAGTC	60
3363_MCSS56_1	AGTCGATCGGCTAGTC	60
3364_MCSS56_1	AGTCGATCGGCTAGTC	60
3366_MCSS56_1	AGTCGATCGGCTAGTC	60
3376_MCSS56_1	AGTCGATCGGCTAGTC	60
3377_MCSS56_1	AGTCGATCGGCTAGTC	60
3385_MCSS56_1	AGTCGATCGGCTAGTC	60
3386_MCSS56_1	AGTCGAT----TAGGC	60
3392_MCSS56_1	AGTCGATCGGCTAGTC	60
3393_MCSS56_1	AGTCGATCGGCTAGTC	60
3394_MCSS56_1	AGTCGATCGGCTAGTC	60
3398_MCSS56_1	AGTCGATCGGCTAGTC	60
3403_MCSS56_1	AGTCGATCGGCTAGTC	60
3408_MCSS56_1	AGTCGATCGGCTAGTC	60
3410_MCSS56_1	AGTTCATTGG--AGTC	60
3413_MCSS56_1	AGTCGATCGGCTAATC	60
3416_MCSS56_1	AGTCGATCGGCTAGTC	60
3418_MCSS56_1	AGTCGATCGGCTAGTC	60
3421_MCSS56_1	AGTCGATCGGCTAGTC	60
3423_MCSS56_1	AGTCGATCGGCTAGTC	60
3426_MCSS56_1	AGTCGATCGGCTAGTC	60
3427_MCSS56_1	AGTCGATCGGCTAGTC	60
3429_MCSS56_1	AGTCGATCGTGTAGTC	60
3430_MCSS56_1	AGTCGATCGGCTAGTC	60
3432_MCSS56_1	AGTCGATCGGCTAGTC	60
3433_MCSS56_1	AGTCGATCGGCTAGTC	60
3439_MCSS56_1	AGTCGATCGGCTAGTC	60
3442_MCSS56_1	AGTCGATCGGCTAGTC	60
3443_MCSS56_1	AGTCGATCGGCTAGTC	60
3447_MCSS56_1	AGTCGATCGGCTAGTC	60
3451_MCSS56_1	AGTCGATCGGCTAGTC	60
3452_MCSS56_1	AGTCGATCGGCTAGTC	60
3453_MCSS56_1	AGTCGATCGGCTAGTC	60
3454_MCSS56_1	AGTCGATCGGCTAGTC	60
3456_MCSS56_1	AGTCGATCGGCTAGTC	60
3457_MCSS56_1	AGTCGATCGGCTAGTC	60
3461_MCSS56_1	AGTCGATCGGCTAGTC	60
3462_MCSS56_1	AGTCGATCGGCTAGTC	60
3467_MCSS56_1	AGTCGATCGGCTAGTC	60
3470_MCSS56_1	AGTCGATCGGCTAGTC	60
3471_MCSS56_1	AGTCGATCGGCTAGTC	60
3476_MCSS56_1	AGTCGATCGGCTAGTC	60
3478_MCSS56_1	AGTCGATCGGCTAGTC	60
3487_MCSS56_1	GGGGGAGCAGCCAGTG	60
3493_MCSS56_1	AGTCGATCGGCTAGTC	60
3497_MCSS56_1	AGTCGATCGGCTAGTC	60
3502_MCSS56_1	AGTCGATCGGCTAGTC	60
3503_MCSS56_1	AGTCGATCGGCTAGTC	60
3504_MCSS56_1	AGTCGATCGGCTAGTC	60
3510_MCSS56_1	AGTCGATCGGCTAGTC	60
3512_MCSS56_1	AGTCGATCGGCTAGTC	60
3514_MCSS56_1	AGTTGATCGGCTAGTC	60
3517_MCSS56_1	AGTCGATCGGCTAGTC	60
3518_MCSS56_1	AGTCGATCGGCTAGTC	60
3520_MCSS56_1	AGTTGATCGGCTAGTC	60
3521_MCSS56_1	AGTCGATCGGCTAGTC	60
3524_MCSS56_1	AGTCGATCGGCTAGTC	60
3526_MCSS56_1	AGTCGATCGGCTAGTC	60
3529_MCSS56_1	AGTCGATCGGCTAGTC	60
3532_MCSS56_1	AGTCGATCGGCTAGTC	60
3533_MCSS56_1	AGTCGATCGGCTAGTC	60
3544_MCSS56_1	AGTCGATCGGCTAGTC	60
3548_MCSS56_1	AGTCGATCGGCTAGTC	60
3552_MCSS56_1	ACTCGAT-GG-TAGCC	60
3553_MCSS56_1	AGTCGATCGGCTAGTC	60
3554_MCSS56_1	AGTCGATCGGCTAGTC	60
3560_MCSS56_1	AGTCGATCGGGTAGTC	60
3563_MCSS56_1	AGTCGATCGGCTAGTC	60
3564_MCSS56_1	AGTCGATCGGCTAGTC	60
3569_MCSS56_1	AGTCGATCGGCTAGTC	60
111_MCSS56_1	AGTCGATCGGCTAGTC	60
281_MCSS56_1	AGTCGATTGGCTAGTC	60
302_MCSS56_1	AGTCGATCGGCTAGTC	60
323_MCSS56_1	AGTCGATCGGCTAGTC	60
406_MCSS56_1	AGTCGATCGGCTAGTC	60
458_MCSS56_1	AGTCGATCGGCTAGTC	60
599_MCSS56_1	AGTCGATCGGCTAGTC	60
734_MCSS56_1	AGTCGATCGGCTAGT-	60
797_MCSS56_1	AGTCGATCGGCTAGTC	60
1105_MCSS56_1	AGTCGATCGGCTAGTC	60
1718_MCSS56_1	AGTCGATCGGCTAGTC	60
1743_MCSS56_1	AGTCGATCGGCTAGTC	60
1779_MCSS56_1	AGTCGATCGGCTAGTC	60
1803_MCSS56_1	AGTCGATCGGCTAGTC	60
1835_MCSS56_1	AGTCGATCGGCTAGTC	60
1852_MCSS56_1	AGTCGATCGGCTAGTC	60
1971_MCSS56_1	AGTCGATCGGCTAGTC	60
2024_MCSS56_1	AGTCGATCGGCTAGTC	60
2088_MCSS56_1	AGTCGATCGGCTAGTC	60
2103_MCSS56_1	AGTCGATCGGCTAGTC	60
2104_MCSS56_1	AGTCGATCGGCTAGTC	60
2360_MCSS56_1	AGTCGATCGGCTAGTC	60
2434_MCSS56_1	AGTCGATCGGCTAGTC	60
2458_MCSS56_1	AGTCGATCGGCTAGTC	60
2635_MCSS56_1	AGTCGATCGGCTAGTC	60
2840_MCSS56_1	AGTCGATCGGCTAGTC	60
3014_MCSS56_1	AGTCGATCGGCTAGTC	60
3035_MCSS56_1	AGTCGATCGGCTAGTC	60
3069_MCSS56_1	AG-CAAT--GATAGTC	60
3133_MCSS56_1	AGTCGATCGGCTAGTC	60
3139_MCSS56_1	AGTCGATCGGCTAGTC	60
3409_MCSS56_1	AGTCGATCGGCTAGTC	60
3492_MCSS56_1	AGTCGATCGGCTAGTC	60
3496_MCSS56_1	AGTCGATCGGCTAGTC	60
263_MCSS56_1	AGTCGATCGGCTAGTC	60
504_MCSS56_1	AGTCGATCGGCTAGTC	60
529_MCSS56_1	AGTCGATCGGCTAGTC	60
651_MCSS56_1	AGTTTATTGGCTAGTC	60
863_MCSS56_1	AGTCGATCGGCTAGTC	60
940_MCSS56_1	AGTCGATCGGCTAGTC	60
1051_MCSS56_1	AGTCGATCGGCTAGTC	60
1134_MCSS56_1	AGTCGATCGGCTAGTC	60
1162_MCSS56_1	AGTTGATCGGCTAGTC	60
1366_MCSS56_1	AGTCGATCGGCTAGTC	60
1553_MCSS56_1	AGTCGATCGGCTAGTC	60
1640_MCSS56_1	AGTCGATCGGCTAGTC	60
2031_MCSS56_1	AGTCGATCGGCTAGTC	60
2338_MCSS56_1	AGTCGATCGGCTAGTC	60
2341_MCSS56_1	AGTCGATCGGCTAGTC	60
2679_MCSS56_1	AGTCGATCGGCTAGTC	60
3098_MCSS56_1	AGTCGATCGGCTAGTC	60
3258_MCSS56_1	AGTCGATCGGCTAGTC	60
3387_MCSS56_1	AGTCGATCGGCTAGTC	60
3558_MCSS56_1	AGTCGATCGGCTAGTC	60
9_MCSS56_1	AGTCGATCGGCTAGTC	60
391_MCSS56_1	AGTCGATCGGCTAGTC	60
1442_MCSS56_1	AGTCGATCGGCTAGTC	60
1873_MCSS56_1	AGTCGATCGGCTAGTC	60
2029_MCSS56_1	AGTCGATCGGCTAGTC	60
2495_MCSS56_1	A----ATAGGCTAGAA	32
2498_MCSS56_1	AGTCGATCGGCTAGTC	60
3371_MCSS56_1	AGTCGATCGGCTCGTC	60
184_MCSS56_1	AGTCGATCGGCTAGTC	60
247_MCSS56_1	AGTCGATCGGCTAGTC	60
328_MCSS56_1	AGTCGATCGGCTAGTC	60
645_MCSS56_1	AGTCGATCGGCTAGTC	60
990_MCSS56_1	AGTCGATCGGCTAGTC	60
1758_MCSS56_1	AGTCGATCGGCTAGTC	60
1847_MCSS56_1	AGTCGATCGGCTAGTC	60
1963_MCSS56_1	AGTCGATCGGCTAGTC	60
2667_MCSS56_1	AGTCGATCGGCTAGTC	60
3041_MCSS56_1	AGTCGATCGGCTAGTC	60
3277_MCSS56_1	AGTCGATCGGCTAGTC	60
8_MCSS56_1	AGTCGATCGGCTAGTC	60
597_MCSS56_1	AGTCGATCGGCTAGTC	60
672_MCSS56_1	AGTCGATCGGCTGGTC	60
684_MCSS56_1	AGTCGATCGGCTAATC	60
692_MCSS56_1	AGTCGATCGGCTAGTC	60
1070_MCSS56_1	AGTCGATCGGCTAGTC	60
1941_MCSS56_1	AGTCGATCGGCTAGTC	60
2411_MCSS56_1	AGTCGATCGGCTAGTC	60
3132_MCSS56_1	AGTCGATCGGCTAGTC	60
3212_MCSS56_1	AGTCGATCGGCTAGTC	60
883_MCSS56_1	AGTCGATCGGCTAGTC	60
3316_MCSS56_1	AGTCGATCGGCTAGTC	60
276_MCSS56_1	AGTCGATCGGCTAGTC	60
477_MCSS56_1	AGTCGATCGGCTAGTC	60
953_MCSS56_1	AGTCGATCGGCTAGTC	60
1011_MCSS56_1	AGTCGATCGGCTAGTC	60
1370_MCSS56_1	AGTCGATCGGCTAGTC	60
2726_MCSS56_1	AGTCGATCGGCTAGTC	60
551_MCSS56_1	AGTCGATCGGCTAGTC	60
839_MCSS56_1	AGTCGATCGGCTAGTC	60
1229_MCSS56_1	AGTCGATCGGCTAGTC	60
1244_MCSS56_1	AGTCGATCGGCTAGTC	60
1387_MCSS56_1	AGTCGATCGGCTAGTC	60
1788_MCSS56_1	AGTCGATCGGCTAGTC	60
1789_MCSS56_1	AGTCGATCGGCTAGTC	60
2324_MCSS56_1	AGTCGATCGGCTAGTC	60
2478_MCSS56_1	AGTCGATCGGCTAGTC	60
3092_MCSS56_1	AGTCGATCGGCTAGTC	60
3116_MCSS56_1	AGTTGATGGGCTAGTC	60
3289_MCSS56_1	AGTCGATCGGCTAGTC	60
3313_MCSS56_1	AGTCGATCGGCTAGTC	60
3549_MCSS56_1	AGTCGATCGGCTAGTC	60
179_MCSS56_1	AGTCGATCGGCTAGTC	60
434_MCSS56_1	AGTCGATCGGCTAGTC	60
638_MCSS56_1	AGTCGATCGGCTAGTC	60
640_MCSS56_1	AGTCGATCGGCTAGTC	60
1726_MCSS56_1	AGTCGATCGGCTAGTC	60
1734_MCSS56_1	AGTCGATCGGCTAGTC	60
1922_MCSS56_1	AGTCGATCGGCTAGTC	60
2225_MCSS56_1	AGTCGATCGGC---TC	60
2359_MCSS56_1	AGTCGATCGGCTAGTC	60
2637_MCSS56_1	AGTCGATCGGCTAGTC	60
3396_MCSS56_1	AGTCGATCGGCTAGTC	60
13_MCSS56_1	AGTCGATCGGCTAGTC	60
243_MCSS56_1	AGTCGATCGGCTAGTC	60
312_MCSS56_1	AGTCGATCGGCTAGTC	60
339_MCSS56_1	AGTCGATCGGCTAGTC	60
526_MCSS56_1	AGTCGATCGGCTAGTC	60
643_MCSS56_1	AGTCGATCGGCTAGTC	60
1016_MCSS56_1	AGTCGATCGGCTAGTC	60
1668_MCSS56_1	AGTCGATCGGCTAGTC	60
2263_MCSS56_1	AGTCGATCGGCTAGTC	60
2958_MCSS56_1	AGTCGATCGGCTAGTC	60
3370_MCSS56_1	AGTCGATCGGCTAGTC	60
2442_MCSS56_1	AGTCGATCGGCTAGTC	60
2957_MCSS56_1	AGTCGATCGGCTAGTC	60
3320_MCSS56_1	AGTCGATCGGCTAGTC	60
2070_MCSS56_1	AGTCGATCGGCTAGTC	60
3019_MCSS56_1	AGTCGATCGGCTAGTC	60
676_MCSS56_1	AGTCGATCGGCTAGTC	60
1057_MCSS56_1	AGTCGATCGGCTAGTC	60
1708_MCSS56_1	AGTCGATCGGCTAGTC	60
1747_MCSS56_1	AGTCGATCGGCTAGTC	60
3380_MCSS56_1	AGTAGATCGGCTAGTC	60
37_MCSS56_1	AGTCGATCGGCTAGTC	60
991_MCSS56_1	AGTCGATCGGCTAGTC	60
1075_MCSS56_1	AGTCGATCGGCTAGTC	60
2548_MCSS56_1	AGTCGATCGGCTAGTC	60
2691_MCSS56_1	AGTCGATCGGCTAGTC	60
2812_MCSS56_1	AGTCGATCGGCTAGTC	60
3375_MCSS56_1	AGTCGATCGGCTAGTC	60
3415_MCSS56_1	AGTCGATCGGCTAGTC	60
978_MCSS56_1	AGTCGATCGGCTAGTC	60
1646_MCSS56_1	AGTCGATCGGCTAGTC	60
2080_MCSS56_1	AGTCGATCGGCTAGTC	60
6_MCSS56_1	AGTCGATCGGCTAGTC	60
287_MCSS56_1	AGTCGATCGGCTAGTC	60
1635_MCSS56_1	AGTCGATCGGCTAGTC	60
1938_MCSS56_1	AGTCGATCGGCTAGTC	60
2471_MCSS56_1	AGTC-ATCGGCTAGTC	60
2552_MCSS56_1	AGTCGATCGGCTAGTC	60
2872_MCSS56_1	AGTCGATCGGCTAGTC	60
284_MCSS56_1	AGTCGATCGGCTAGTC	60
398_MCSS56_1	AGTCGATCGGCTAGTC	60
486_MCSS56_1	AGTCGATCGGCTAGTC	60
530_MCSS56_1	AGTCGATCGGCTAGTC	60
535_MCSS56_1	ATTCGAT---ATAATC	60
552_MCSS56_1	AGTCGATCGGCTAGTC	60
707_MCSS56_1	AGTCGATCGGCTAGTC	60
761_MCSS56_1	AGTCGATCGGCTAGTC	60
871_MCSS56_1	AGTCGATCGGCTAGTC	60
994_MCSS56_1	AGTCGATCGGCTAGTC	60
1127_MCSS56_1	AGTCGATCGGCTAGTC	60
1157_MCSS56_1	AGTCGATCGGCTAGTC	60
1389_MCSS56_1	AGTCGATCGGCTAGTC	60
1403_MCSS56_1	AGTCGATCGGCTAGTC	60
1767_MCSS56_1	AGTCGATCGGCTAGTC	60
1876_MCSS56_1	AGTCGATCGGCTAGTC	60
1932_MCSS56_1	AGTCGATCGGCTAGTC	60
2306_MCSS56_1	AGTCGATCGGCTAGTC	60
2354_MCSS56_1	AGTCGATCGGCTAGTC	60
2399_MCSS56_1	AGTCGATCGGCTAGTC	60
2472_MCSS56_1	AGTCGATCGGCTAGTC	60
2560_MCSS56_1	AGTCGATCGGCTAGTC	60
2588_MCSS56_1	AGTCGATCGGCTAGTC	60
2620_MCSS56_1	AGTTGATCGGCTAGTC	60
2809_MCSS56_1	AGTCGATCGGCTAGTC	60
3488_MCSS56_1	AGTCGATCGGCTAGTC	60
1393_MCSS56_1	AGTCGATCGGCTAGTC	60
2892_MCSS56_1	AGTCGATCGGCTAGTC	60
32_MCSS56_1	AGTCGATCGGCTAGTC	60
67_MCSS56_1	AGTCGATCGGCTAGTC	60
77_MCSS56_1	AGTCGATCGGCTAGTC	60
93_MCSS56_1	AGTTGATTGGCTAGTC	60
125_MCSS56_1	AGTCGATCGGCTAGTC	60
127_MCSS56_1	AGTCGATCGGCTAGTC	60
152_MCSS56_1	AGTCGATCGGCTAGCT	60
320_MCSS56_1	AGTCGATCGGCTAGTC	60
337_MCSS56_1	AGTCGATCGGCTAGTC	60
381_MCSS56_1	AGTCGATCGGCTAGTC	60
422_MCSS56_1	AGTCGATCGGCTAGTC	60
457_MCSS56_1	AGTCGATCGGCTAGTC	60
459_MCSS56_1	AGTCGATCGGCTAGTC	60
573_MCSS56_1	AGTCGATCGGCTAGTC	60
604_MCSS56_1	AGTCGATCGGCTAGTC	60
710_MCSS56_1	AGTCGATCGGCTAGTC	60
728_MCSS56_1	AGTCGATCGGCTAGTC	60
738_MCSS56_1	AGTTGATCGGCTAGTC	60
806_MCSS56_1	AGTCGATCGGCTAGTC	60
880_MCSS56_1	AGTCGATCGGCTAGTC	60
964_MCSS56_1	AGTCGATCGGCTAGTC	60
1024_MCSS56_1	AGTCGATCGGCTAGTC	60
1060_MCSS56_1	AGTCGATCGGCTAGTC	60
1062_MCSS56_1	AGTCGATCGGCTAGTC	60
1224_MCSS56_1	AGTCGATCGGCTAGTC	60
1251_MCSS56_1	AGTCGATCGGCTAGTC	60
1278_MCSS56_1	AGTCGATCGGCTAGTC	60
1336_MCSS56_1	AGTCGATCGGC-AGTC	60
1446_MCSS56_1	AGTCGATCGGCTAGTC	60
1482_MCSS56_1	AGTCGATCGGCTAGTC	60
1493_MCSS56_1	AGTCGATCGGCTAGTC	60
1669_MCSS56_1	AGTCGATCGGCTAGTC	60
1677_MCSS56_1	AGTCGATCGGCTAGTC	60
1730_MCSS56_1	AGTCGATCGGCTAGTC	60
1769_MCSS56_1	AGTCGATCGGCTAGTC	60
1782_MCSS56_1	AGTCGATCGGCTAGTC	60
1807_MCSS56_1	AGTCGATCGGCTAGTC	60
1874_MCSS56_1	AGTCGATCGGCTAGTC	60
1897_MCSS56_1	AGTCGATCGGCTAGTC	60
1933_MCSS56_1	AGTCGATCGGCTAGTC	60
1976_MCSS56_1	AGTCGATCGGCTAGTC	60
2035_MCSS56_1	AGTCGATCGGCTAGTC	60
2075_MCSS56_1	AGTCGATCGGCTAGTC	60
2109_MCSS56_1	AGTTGATCGGCTAGTC	60
2114_MCSS56_1	AGTCGATCGGCTAGTC	60
2157_MCSS56_1	AGTCGATCGGCTAGTC	60
2194_MCSS56_1	AGTCGATCGGCTAGTC	60
2264_MCSS56_1	AGTCGATCG----GT-	60
2293_MCSS56_1	AGTCGATCGGCTAGTC	60
2374_MCSS56_1	AGTCGATCGGCTAGTC	60
2383_MCSS56_1	AGTCGATCGGCTAGTC	60
2494_MCSS56_1	AGTCGATCGGCTAGTC	60
2533_MCSS56_1	AGTTGATCGGCTAGTC	60
2658_MCSS56_1	AGTCGATCGGCTAGTC	60
2695_MCSS56_1	AGTCGATCGGCTAGTC	60
2722_MCSS56_1	AGTTTATTGGCCAGAT	60
2749_MCSS56_1	AGTCGATCGGCTAGTC	60
2754_MCSS56_1	AGTCGATCGGCTAGTC	60
2874_MCSS56_1	AGTCGATCGGCTAGTC	60
2877_MCSS56_1	AGTCGATCGGCTAGTC	60
3030_MCSS56_1	AGTCGATCGGCTAGTC	60
3095_MCSS56_1	AGTTGATCGGCTAGTC	60
3309_MCSS56_1	AGTCGATCGGCTAGTC	60
3315_MCSS56_1	AGTCGATCGGCTAGTC	60
3540_MCSS56_1	AGTCGATCGGCTAGTC	60
3543_MCSS56_1	AGTCGATCGGCTAGTC	60
95_MCSS56_1	AGTCGATCGGCTAGTC	60
166_MCSS56_1	AGTCGATCGGCTAGTC	60
186_MCSS56_1	AGTCGATCGGCTAGTC	60
331_MCSS56_1	AGTCGATCGGCTAGTC	60
336_MCSS56_1	AGTCGATCGGCTAGTC	60
349_MCSS56_1	AGTCGATCGGCTAGTC	60
352_MCSS56_1	AGTCGATCGGCTAGTC	60
614_MCSS56_1	AGTCGATCGGCTAGTC	60
756_MCSS56_1	AGTCGATCGGCTAGTC	60
1122_MCSS56_1	AGTCGATCGGCTAGTC	60
1230_MCSS56_1	AGTCGATCGGCTAGTC	60
1277_MCSS56_1	AGTCGATCGGCTAGTC	60
1374_MCSS56_1	AGTCGATCGGCTAGTC	60
1422_MCSS56_1	AGTCGATCGGCTAGTC	60
1522_MCSS56_1	AGTCGATCGGCTAGTC	60
1741_MCSS56_1	AGTCGATTGGCTAGTC	60
2213_MCSS56_1	AGTCGATCGGCTAGTC	60
2304_MCSS56_1	AGTCGATCGGCTAGTC	60
2423_MCSS56_1	AGTCGATCGGCTAGTC	60
3153_MCSS56_1	AGTCGATCGGCTAGTC	60
3295_MCSS56_1	AGTCGATCGGCTAGTC	60
3332_MCSS56_1	AGTCGATCGGCTAGTC	60
3368_MCSS56_1	AGTCGATCGGCTAGTC	60
3446_MCSS56_1	AGTCGATCGGCTAGTC	60
4_MCSS56_1	AGTCGATCGGCTAGTC	60
202_MCSS56_1	AGTCGATCGGCTAGTC	60
234_MCSS56_1	AGTCGATCGGCTAGTC	60
370_MCSS56_1	AGTCGATCGGCTAGTC	60
385_MCSS56_1	AGTCGATCGGCTAGTC	60
438_MCSS56_1	AGTTGATCGGCTAGTC	60
463_MCSS56_1	AGTCGATCGGCTAGTC	60
475_MCSS56_1	AGTCGATCGGCTAGTC	60
555_MCSS56_1	AGTCGATCGGCTAGTC	60
590_MCSS56_1	AGTCGATCGGCTAGTC	60
785_MCSS56_1	AGTCGATCGGCTAGTC	60
791_MCSS56_1	A----ATAGGCTAGAA	60
850_MCSS56_1	AGTCGATCGGCTAGTC	60
1074_MCSS56_1	AGTCGATCGGCTAGTC	60
1111_MCSS56_1	AGTCGATCGGCTAGTC	60
1150_MCSS56_1	AGTTGATCGGCTAGTC	60
1243_MCSS56_1	AGTCGATCGGCTAGTC	60
1310_MCSS56_1	AGTCGATCGGCTAGTC	60
1463_MCSS56_1	AGTCGATCGGCTAGTC	60
1498_MCSS56_1	AGTCGATCGGCTAGTC	60
1499_MCSS56_1	AGTCGATCGGCTAGTC	60
1684_MCSS56_1	AGTCGATCGGCTAGTC	60
1750_MCSS56_1	AGTCGATCGGCTAGTC	60
1802_MCSS56_1	AGTCGATCGGCTAGTC	60
1864_MCSS56_1	AGTCGATCGGCTAGTC	60
1890_MCSS56_1	AGTCGATCGGCTAGTC	60
2004_MCSS56_1	AGTCGATCGGCTAGTC	60
2015_MCSS56_1	AGTCGATCGGCTAGTC	60
2063_MCSS56_1	AGTCGATCGGCTAGTC	60
2113_MCSS56_1	AGTCGATCGGCTAGTC	60
2200_MCSS56_1	AGTCGATCGGCTAGTC	60
2573_MCSS56_1	AGTCGATCGGCTAGTC	60
2638_MCSS56_1	AGTCGATCGGCTAGTC	60
2709_MCSS56_1	AGTTGATCGGCTAGTC	60
2835_MCSS56_1	AGTCGATCGGCTAGTC	60
3006_MCSS56_1	AGTCGATCGGCTAGTC	60
3163_MCSS56_1	AGTCGATCGGCTAGTC	60
3168_MCSS56_1	AGTCGATCGGCTAGTC	60
3422_MCSS56_1	AGTCGATCGGCTAGTC	60
3459_MCSS56_1	AGTCGATCGGCTAGTC	60
2083_MCSS56_1	AGTCGATCGGCTAGTC	60
84_MCSS56_1	AGTCGATCGGCTAGTC	60
417_MCSS56_1	AGTCGATCGGCTAGTC	60
782_MCSS56_1	AGTCGATCGGCTAGTC	60
1202_MCSS56_1	AGTCGATCGGCTAGTC	60
1898_MCSS56_1	AGTCGATCGGCTAGTC	60
1959_MCSS56_1	AGTCGATCGGCTAGTC	60
2567_MCSS56_1	AGTCGATCGGCTAGTC	60
2608_MCSS56_1	AGTCGATCGGCTAGTC	60
2799_MCSS56_1	AGTCGATCGGCTAGTC	60
3331_MCSS56_1	AGTCGATCGGCTAGTC	60
970_MCSS56_1	AGTCGATCGGCTAGTC	60
242_MCSS56_1	AGTTGATCGGCTAGTC	60
1658_MCSS56_1	AGTCGATCGGCTAGTC	60
2129_MCSS56_1	AGTCGATCGGCTAGTC	60
2486_MCSS56_1	AGTCGATCGGCTAGTC	60
3391_MCSS56_1	AGTCGATCGGCTAGTC	60
1335_MCSS56_1	AGTCGATCGGCTAGTC	60
1629_MCSS56_1	AGTCGATGGGCTGGTC	60
3519_MCSS56_1	AGTCGATCGGCTAGTC	60
89_MCSS56_1	AGTCGATCGGCTAGTC	60
139_MCSS56_1	AGTCGATCGGCTAGTC	60
180_MCSS56_1	AGTCGATCGGCTAGTC	60
238_MCSS56_1	AGTCGATCGGCTAGTC	60
2516_MCSS56_1	AGTCGATCGGCTAGTC	60
564_MCSS56_1	AGTCGATCGGCTAGTC	60
2271_MCSS56_1	AGTCGATCGGCTAGTC	60
2364_MCSS56_1	AGTCGATCGGCTAGTC	60
2776_MCSS56_1	AGTCGATCGGCTAGTC	60
541_MCSS56_1	AGTCGATCGGCTAGTC	60
275_MCSS56_1	AGTCGATCGGCTAGTC	60
1137_MCSS56_1	AGTCGATCGGCTAGTC	60
1241_MCSS56_1	AGTCGATCGGCTAGTC	60
2614_MCSS56_1	AGTCGATCGGCTAGTC	60
2687_MCSS56_1	AGTCGATCGGCTAGTC	60
2878_MCSS56_1	AGTCGATCGGCTAGTC	60
3136_MCSS56_1	AGTTGATCGGCTAGTC	60
802_MCSS56_1	AGTCGATCGGCTAGTC	60
181_MCSS56_1	AGTCGATCGGCTAGTC	60
255_MCSS56_1	AGTCGATCGGCTAGTC	60
2913_MCSS56_1	AGTCGATCGGCTAGTC	60
3102_MCSS56_1	AGTCGATCGGCTAGTC	60
3434_MCSS56_1	AGTCGATCGGCTAGTC	60
431_MCSS56_1	AGTCGATCGGCTAGTC	60
3082_MCSS56_1	AGTCAATCGGCTAGTC	60
270_MCSS56_1	AGTCGATCGGCTAGTC	60
1681_MCSS56_1	AGTCGATCGGCTAGTC	60
2488_MCSS56_1	AGTCGATCGGCTAGTC	60
3096_MCSS56_1	AGTCGATCGGCTAGTC	60
3186_MCSS56_1	AGTCGATCGGCTAGTC	60
3199_MCSS56_1	AGTCGATCGGCTAGTC	60
1377_MCSS56_1	AGTCGATCGGCTAGTC	60
1877_MCSS56_1	AGTCGATCGGCTAGTC	60
361_MCSS56_1	AGTCGATCGGCTAGTC	60
1566_MCSS56_1	AGTCGATCGGCTAGTC	60
1783_MCSS56_1	AGTCGATCGGCTAGTC	60
2081_MCSS56_1	AGTCGATCGGCTAGTC	60
2558_MCSS56_1	AGTCGATCGGCTAGTC	60
1840_MCSS56_1	AGTTGATCGGCTAGTC	60
886_MCSS56_1	AGTCGATCGGCTAGTC	60
1928_MCSS56_1	AGTCGATCGGCTAGTC	60
3303_MCSS56_1	AGTCGATCGGCTAGTC	60
201_MCSS56_1	AGTCGATCGGCTAGTC	60
318_MCSS56_1	AGTCGATCGGCTAGTC	60
1882_MCSS56_1	AGTCGATCGGCTAGTC	60
3118_MCSS56_1	AGTCGATCGGCTAGTC	60
362_MCSS56_1	AGTCGATCGGCTAGTC	60
1219_MCSS56_1	AGTCGATCGGCTAGTC	60
1839_MCSS56_1	AGTCGATCGGCTAGTC	60
2403_MCSS56_1	AGTCGATCGGCTAGTC	60
2703_MCSS56_1	AGTTGATCGGCTAGTC	60
3336_MCSS56_1	AGTCGATCGGCTAGTC	60
