gblock_f1r1	1	4
gblock_f1r1	2	4
gblock_f1r1	3	4
gblock_f1r1	4	4
gblock_f1r1	5	4
gblock_f1r1	6	4
gblock_f1r1	7	4
gblock_f1r1	8	4
gblock_f1r1	9	4
gblock_f1r1	10	4
gblock_f1r1	11	4
gblock_f1r1	12	4
gblock_f1r1	13	4
gblock_f1r1	14	4
gblock_f1r1	15	4
gblock_f1r1	16	4
gblock_f1r1	17	4
gblock_f1r1	18	3
gblock_f1r1	19	3
gblock_f1r1	20	3
gblock_f1r1	21	4
gblock_f1r1	22	4
gblock_f1r1	23	4
gblock_f1r1	24	4
gblock_f1r1	25	4
gblock_f1r1	26	4
gblock_f1r1	27	4
gblock_f1r1	28	4
gblock_f1r1	29	4
gblock_f1r1	30	4
gblock_f1r1	31	4
gblock_f1r1	32	4
gblock_f1r1	33	4
gblock_f1r1	34	3
gblock_f1r1	35	3
gblock_f1r1	36	3
gblock_f1r1	37	3
gblock_f1r1	38	4
gblock_f1r1	39	4
gblock_f1r1	40	4
gblock_f1r1	41	4
gblock_f1r1	42	4
gblock_f1r1	43	4
gblock_f1r1	44	4
gblock_f1r1	45	4
gblock_f1r1	46	4
gblock_f1r1	47	4
gblock_f1r1	48	4
gblock_f1r1	49	4
gblock_f1r1	50	4
gblock_f1r1	51	4
gblock_f1r1	52	4
gblock_f1r1	53	4
gblock_f1r1	54	4
gblock_f1r1	55	4
gblock_f1r1	56	4
gblock_f1r1	57	4
gblock_f1r1	58	4
gblock_f1r1	59	4
gblock_f1r1	60	4
gblock_f1r1	61	4
gblock_f1r1	62	4
gblock_f1r1	63	4
gblock_f1r1	64	4
gblock_f1r1	65	4
gblock_f1r1	66	4
gblock_f1r1	67	4
gblock_f1r1	68	4
gblock_f1r1	69	4
gblock_f1r1	70	4
gblock_f1r1	71	4
gblock_f1r1	72	4
gblock_f1r1	73	4
gblock_f1r1	74	4
gblock_f1r1	75	4
gblock_f1r1	76	4
gblock_f1r1	77	4
gblock_f1r1	78	4
gblock_f1r1	79	4
gblock_f1r1	80	4
gblock_f1r1	81	4
gblock_f1r1	82	4
gblock_f1r1	83	4
gblock_f1r1	84	4
gblock_f1r1	85	4
gblock_f1r1	86	4
gblock_f1r1	87	4
gblock_f1r1	88	4
gblock_f1r1	89	4
gblock_f1r1	90	4
gblock_f1r1	91	4
gblock_f1r1	92	4
gblock_f1r1	93	4
gblock_f1r1	94	4
gblock_f1r1	95	4
gblock_f1r1	96	3
gblock_f1r1	97	4
gblock_f1r1	98	4
gblock_f1r1	99	4
gblock_f1r1	100	4
gblock_f1r1	101	4
gblock_f1r1	102	4
gblock_f1r1	103	4
gblock_f1r1	104	4
gblock_f1r1	105	4
gblock_f1r1	106	4
gblock_f1r1	107	4
gblock_f1r1	108	4
gblock_f1r1	109	4
gblock_f1r1	110	4
gblock_f1r1	111	4
gblock_f1r1	112	4
gblock_f1r1	113	4
gblock_f1r1	114	4
gblock_f1r1	115	4
gblock_f1r1	116	4
gblock_f1r1	117	4
gblock_f1r1	118	4
gblock_f1r1	119	4
gblock_f1r1	120	4
gblock_f1r1	121	4
gblock_f1r1	122	4
gblock_f1r1	123	4
gblock_f1r1	124	4
gblock_f1r1	125	4
gblock_f1r1	126	4
gblock_f1r1	127	4
gblock_f1r1	128	4
gblock_f1r1	129	3
gblock_f1r1	130	3
gblock_f1r1	131	3
gblock_f1r1	132	3
gblock_f1r1	133	3
gblock_f1r1	134	3
gblock_f1r1	135	3
gblock_f1r1	136	3
gblock_f1r1	137	3
gblock_f1r1	138	3
gblock_f1r1	139	3
gblock_f1r1	140	3
gblock_f1r1	141	3
gblock_f1r1	142	3
gblock_f1r1	143	3
gblock_f1r1	144	3
gblock_f1r1	145	3
gblock_f1r1	146	3
gblock_f1r1	147	3
gblock_f1r1	148	3
gblock_f1r1	149	3
gblock_f1r1	150	3
gblock_f1r1	151	3
gblock_f1r1	152	3
gblock_f1r1	153	3
gblock_f1r1	154	3
gblock_f1r1	155	3
gblock_f1r1	156	3
gblock_f1r1	157	3
gblock_f1r1	158	3
gblock_f1r1	159	3
gblock_f1r1	160	3
gblock_f1r1	161	3
gblock_f1r1	162	3
gblock_f1r1	163	3
gblock_f1r1	164	2
gblock_f1r1	165	2
gblock_f1r1	166	2
gblock_f1r1	167	2
gblock_f1r1	168	2
gblock_f1r1	169	2
gblock_f1r1	170	2
gblock_f1r1	171	2
gblock_f1r1	172	2
gblock_f1r1	173	2
gblock_f1r1	174	2
gblock_f1r1	175	2
gblock_f1r1	176	2
gblock_f1r1	177	2
gblock_f1r1	178	2
gblock_f1r1	179	2
gblock_f1r1	180	2
gblock_f1r1	181	2
gblock_f1r1	182	2
gblock_f1r1	183	2
gblock_f1r1	184	2
gblock_f1r1	185	2
gblock_f1r1	186	2
gblock_f1r1	187	2
gblock_f1r1	188	2
gblock_f1r1	189	2
gblock_f1r1	190	2
gblock_f1r1	191	2
gblock_f1r1	192	2
gblock_f1r1	193	2
gblock_f1r1	194	2
gblock_f1r1	195	2
gblock_f1r1	196	2
gblock_f1r1	197	2
gblock_f1r1	198	2
gblock_f1r1	199	2
gblock_f1r1	200	2
gblock_f1r1	201	2
gblock_f1r1	202	2
gblock_f1r1	203	2
gblock_f1r1	204	2
gblock_f1r1	205	2
gblock_f1r1	206	2
gblock_f1r1	207	2
gblock_f1r1	208	2
gblock_f1r1	209	2
gblock_f1r1	210	2
gblock_f1r1	211	2
gblock_f1r1	212	2
gblock_f1r1	213	2
gblock_f1r1	214	2
gblock_f1r1	215	2
gblock_f1r1	216	2
gblock_f1r1	217	2
gblock_f1r1	218	2
gblock_f1r1	219	2
gblock_f1r1	220	2
gblock_f1r1	221	2
gblock_f1r1	222	2
gblock_f1r1	223	2
gblock_f1r1	224	2
gblock_f1r1	225	2
gblock_f1r1	226	2
gblock_f1r1	227	2
gblock_f1r1	228	2
gblock_f1r1	229	2
gblock_f1r1	230	2
gblock_f1r1	231	2
gblock_f1r1	232	2
gblock_f1r1	233	2
gblock_f1r1	234	2
gblock_f1r1	235	2
gblock_f1r1	236	2
gblock_f1r1	237	2
gblock_f1r1	238	2
gblock_f1r1	239	2
gblock_f1r1	240	2
gblock_f1r1	241	2
gblock_f1r1	242	0
gblock_f1r1	243	1
gblock_f1r1	244	1
gblock_f1r1	245	1
gblock_f1r1	246	1
gblock_f1r1	247	1
gblock_f1r1	248	1
gblock_f1r1	249	2
gblock_f1r1	250	2
gblock_f1r1	251	2
gblock_f1r1	252	2
gblock_f1r1	253	2
gblock_f1r1	254	2
gblock_f1r1	255	2
gblock_f1r1	256	2
gblock_f1r1	257	2
gblock_f1r1	258	2
gblock_f1r1	259	2
gblock_f1r1	260	2
gblock_f1r1	261	2
gblock_f1r1	262	2
gblock_f1r1	263	2
gblock_f1r1	264	2
gblock_f1r1	265	2
gblock_f1r1	266	2
gblock_f1r1	267	2
gblock_f1r1	268	2
gblock_f1r1	269	2
gblock_f1r1	270	2
gblock_f1r1	271	2
gblock_f1r1	272	2
gblock_f1r1	273	2
gblock_f1r1	274	2
gblock_f1r1	275	2
gblock_f1r1	276	2
gblock_f1r1	277	2
gblock_f1r1	278	2
gblock_f1r1	279	2
gblock_f1r1	280	2
gblock_f1r1	281	2
gblock_f1r1	282	2
gblock_f1r1	283	2
gblock_f1r1	284	2
gblock_f1r1	285	2
gblock_f1r1	286	2
gblock_f1r1	287	2
gblock_f1r1	288	2
gblock_f1r1	289	2
gblock_f1r1	290	2
gblock_f1r1	291	2
gblock_f1r1	292	2
gblock_f1r1	293	2
gblock_f1r1	294	2
gblock_f1r1	295	2
gblock_f1r1	296	2
gblock_f1r1	297	2
gblock_f1r1	298	2
gblock_f1r1	299	2
gblock_f1r1	300	2
gblock_f1r1	301	1
gblock_f1r1	302	1
gblock_f1r1	303	1
gblock_f1r1	304	1
gblock_f1r1	305	1
gblock_f1r1	306	1
gblock_f1r1	307	1
gblock_f1r1	308	1
gblock_f1r1	309	1
gblock_f1r1	310	1
gblock_f1r1	311	1
gblock_f1r1	312	1
gblock_f1r1	313	1
gblock_f1r1	314	1
gblock_f1r1	315	1
gblock_f1r1	316	1
gblock_f1r1	317	1
gblock_f1r1	318	1
gblock_f1r1	319	1
gblock_f1r1	320	1
gblock_f1r1	321	1
gblock_f1r1	322	1
gblock_f1r1	323	1
gblock_f1r1	324	1
gblock_f1r1	325	1
gblock_f1r1	326	1
gblock_f1r1	327	1
gblock_f1r1	328	1
gblock_f1r1	329	1
gblock_f1r1	330	1
gblock_f1r1	331	1
gblock_f1r1	332	1
gblock_f1r1	333	1
gblock_f1r1	334	1
gblock_f1r1	335	1
gblock_f1r1	336	1
gblock_f1r1	337	1
gblock_f1r1	338	1
gblock_f1r1	339	1
gblock_f1r1	340	1
gblock_f1r1	341	1
gblock_f1r1	342	1
gblock_f1r1	343	1
gblock_f1r1	344	1
gblock_f1r1	345	1
gblock_f1r1	346	1
gblock_f1r1	347	1
gblock_f1r1	348	1
gblock_f1r1	349	1
gblock_f1r1	350	1
gblock_f1r1	351	1
gblock_f1r1	352	1
gblock_f1r1	353	1
gblock_f1r1	354	1
gblock_f1r1	355	1
gblock_f1r1	356	1
gblock_f1r1	357	1
gblock_f1r1	358	1
gblock_f1r1	359	1
gblock_f1r1	360	1
gblock_f1r1	361	1
gblock_f1r1	362	1
gblock_f1r1	363	1
gblock_f1r1	364	1
gblock_f1r1	365	1
gblock_f1r1	366	1
gblock_f1r1	367	1
