gblock_f1r1_copy	1	4
gblock_f1r1_copy	2	4
gblock_f1r1_copy	3	4
gblock_f1r1_copy	4	4
gblock_f1r1_copy	5	4
gblock_f1r1_copy	6	4
gblock_f1r1_copy	7	4
gblock_f1r1_copy	8	4
gblock_f1r1_copy	9	4
gblock_f1r1_copy	10	4
gblock_f1r1_copy	11	4
gblock_f1r1_copy	12	4
gblock_f1r1_copy	13	4
gblock_f1r1_copy	14	4
gblock_f1r1_copy	15	4
gblock_f1r1_copy	16	4
gblock_f1r1_copy	17	4
gblock_f1r1_copy	18	3
gblock_f1r1_copy	19	3
gblock_f1r1_copy	20	3
gblock_f1r1_copy	21	4
gblock_f1r1_copy	22	4
gblock_f1r1_copy	23	4
gblock_f1r1_copy	24	4
gblock_f1r1_copy	25	4
gblock_f1r1_copy	26	4
gblock_f1r1_copy	27	4
gblock_f1r1_copy	28	4
gblock_f1r1_copy	29	4
gblock_f1r1_copy	30	4
gblock_f1r1_copy	31	4
gblock_f1r1_copy	32	4
gblock_f1r1_copy	33	4
gblock_f1r1_copy	34	4
gblock_f1r1_copy	35	4
gblock_f1r1_copy	36	4
gblock_f1r1_copy	37	4
gblock_f1r1_copy	38	4
gblock_f1r1_copy	39	4
gblock_f1r1_copy	40	4
gblock_f1r1_copy	41	4
gblock_f1r1_copy	42	4
gblock_f1r1_copy	43	4
gblock_f1r1_copy	44	4
gblock_f1r1_copy	45	4
gblock_f1r1_copy	46	4
gblock_f1r1_copy	47	4
gblock_f1r1_copy	48	4
gblock_f1r1_copy	49	4
gblock_f1r1_copy	50	4
gblock_f1r1_copy	51	4
gblock_f1r1_copy	52	4
gblock_f1r1_copy	53	4
gblock_f1r1_copy	54	4
gblock_f1r1_copy	55	4
gblock_f1r1_copy	56	4
gblock_f1r1_copy	57	4
gblock_f1r1_copy	58	4
gblock_f1r1_copy	59	4
gblock_f1r1_copy	60	4
gblock_f1r1_copy	61	4
gblock_f1r1_copy	62	4
gblock_f1r1_copy	63	4
gblock_f1r1_copy	64	4
gblock_f1r1_copy	65	4
gblock_f1r1_copy	66	4
gblock_f1r1_copy	67	4
gblock_f1r1_copy	68	4
gblock_f1r1_copy	69	4
gblock_f1r1_copy	70	4
gblock_f1r1_copy	71	4
gblock_f1r1_copy	72	4
gblock_f1r1_copy	73	4
gblock_f1r1_copy	74	4
gblock_f1r1_copy	75	4
gblock_f1r1_copy	76	4
gblock_f1r1_copy	77	4
gblock_f1r1_copy	78	4
gblock_f1r1_copy	79	4
gblock_f1r1_copy	80	4
gblock_f1r1_copy	81	4
gblock_f1r1_copy	82	4
gblock_f1r1_copy	83	4
gblock_f1r1_copy	84	4
gblock_f1r1_copy	85	4
gblock_f1r1_copy	86	4
gblock_f1r1_copy	87	4
gblock_f1r1_copy	88	4
gblock_f1r1_copy	89	4
gblock_f1r1_copy	90	4
gblock_f1r1_copy	91	4
gblock_f1r1_copy	92	4
gblock_f1r1_copy	93	4
gblock_f1r1_copy	94	4
gblock_f1r1_copy	95	4
gblock_f1r1_copy	96	3
gblock_f1r1_copy	97	4
gblock_f1r1_copy	98	4
gblock_f1r1_copy	99	4
gblock_f1r1_copy	100	4
gblock_f1r1_copy	101	4
gblock_f1r1_copy	102	4
gblock_f1r1_copy	103	4
gblock_f1r1_copy	104	4
gblock_f1r1_copy	105	4
gblock_f1r1_copy	106	4
gblock_f1r1_copy	107	4
gblock_f1r1_copy	108	4
gblock_f1r1_copy	109	4
gblock_f1r1_copy	110	4
gblock_f1r1_copy	111	4
gblock_f1r1_copy	112	4
gblock_f1r1_copy	113	4
gblock_f1r1_copy	114	4
gblock_f1r1_copy	115	4
gblock_f1r1_copy	116	4
gblock_f1r1_copy	117	4
gblock_f1r1_copy	118	4
gblock_f1r1_copy	119	4
gblock_f1r1_copy	120	4
gblock_f1r1_copy	121	4
gblock_f1r1_copy	122	4
gblock_f1r1_copy	123	4
gblock_f1r1_copy	124	4
gblock_f1r1_copy	125	4
gblock_f1r1_copy	126	4
gblock_f1r1_copy	127	4
gblock_f1r1_copy	128	4
gblock_f1r1_copy	129	3
gblock_f1r1_copy	130	3
gblock_f1r1_copy	131	3
gblock_f1r1_copy	132	3
gblock_f1r1_copy	133	3
gblock_f1r1_copy	134	3
gblock_f1r1_copy	135	3
gblock_f1r1_copy	136	3
gblock_f1r1_copy	137	3
gblock_f1r1_copy	138	3
gblock_f1r1_copy	139	3
gblock_f1r1_copy	140	3
gblock_f1r1_copy	141	3
gblock_f1r1_copy	142	3
gblock_f1r1_copy	143	3
gblock_f1r1_copy	144	3
gblock_f1r1_copy	145	3
gblock_f1r1_copy	146	3
gblock_f1r1_copy	147	3
gblock_f1r1_copy	148	3
gblock_f1r1_copy	149	3
gblock_f1r1_copy	150	3
gblock_f1r1_copy	151	3
gblock_f1r1_copy	152	3
gblock_f1r1_copy	153	3
gblock_f1r1_copy	154	3
gblock_f1r1_copy	155	3
gblock_f1r1_copy	156	3
gblock_f1r1_copy	157	3
gblock_f1r1_copy	158	3
gblock_f1r1_copy	159	3
gblock_f1r1_copy	160	3
gblock_f1r1_copy	161	3
gblock_f1r1_copy	162	3
gblock_f1r1_copy	163	3
gblock_f1r1_copy	164	2
gblock_f1r1_copy	165	2
gblock_f1r1_copy	166	2
gblock_f1r1_copy	167	2
gblock_f1r1_copy	168	2
gblock_f1r1_copy	169	2
gblock_f1r1_copy	170	2
gblock_f1r1_copy	171	2
gblock_f1r1_copy	172	2
gblock_f1r1_copy	173	2
gblock_f1r1_copy	174	2
gblock_f1r1_copy	175	2
gblock_f1r1_copy	176	2
gblock_f1r1_copy	177	2
gblock_f1r1_copy	178	2
gblock_f1r1_copy	179	2
gblock_f1r1_copy	180	2
gblock_f1r1_copy	181	2
gblock_f1r1_copy	182	2
gblock_f1r1_copy	183	2
gblock_f1r1_copy	184	2
gblock_f1r1_copy	185	2
gblock_f1r1_copy	186	2
gblock_f1r1_copy	187	2
gblock_f1r1_copy	188	2
gblock_f1r1_copy	189	2
gblock_f1r1_copy	190	2
gblock_f1r1_copy	191	2
gblock_f1r1_copy	192	2
gblock_f1r1_copy	193	2
gblock_f1r1_copy	194	2
gblock_f1r1_copy	195	2
gblock_f1r1_copy	196	2
gblock_f1r1_copy	197	2
gblock_f1r1_copy	198	2
gblock_f1r1_copy	199	2
gblock_f1r1_copy	200	2
gblock_f1r1_copy	201	2
gblock_f1r1_copy	202	2
gblock_f1r1_copy	203	2
gblock_f1r1_copy	204	2
gblock_f1r1_copy	205	2
gblock_f1r1_copy	206	2
gblock_f1r1_copy	207	2
gblock_f1r1_copy	208	2
gblock_f1r1_copy	209	2
gblock_f1r1_copy	210	2
gblock_f1r1_copy	211	2
gblock_f1r1_copy	212	2
gblock_f1r1_copy	213	2
gblock_f1r1_copy	214	2
gblock_f1r1_copy	215	2
gblock_f1r1_copy	216	2
gblock_f1r1_copy	217	2
gblock_f1r1_copy	218	2
gblock_f1r1_copy	219	2
gblock_f1r1_copy	220	2
gblock_f1r1_copy	221	2
gblock_f1r1_copy	222	2
gblock_f1r1_copy	223	2
gblock_f1r1_copy	224	2
gblock_f1r1_copy	225	2
gblock_f1r1_copy	226	2
gblock_f1r1_copy	227	2
gblock_f1r1_copy	228	2
gblock_f1r1_copy	229	2
gblock_f1r1_copy	230	2
gblock_f1r1_copy	231	2
gblock_f1r1_copy	232	2
gblock_f1r1_copy	233	2
gblock_f1r1_copy	234	2
gblock_f1r1_copy	235	2
gblock_f1r1_copy	236	2
gblock_f1r1_copy	237	2
gblock_f1r1_copy	238	2
gblock_f1r1_copy	239	2
gblock_f1r1_copy	240	2
gblock_f1r1_copy	241	2
gblock_f1r1_copy	242	0
gblock_f1r1_copy	243	1
gblock_f1r1_copy	244	1
gblock_f1r1_copy	245	1
gblock_f1r1_copy	246	1
gblock_f1r1_copy	247	1
gblock_f1r1_copy	248	1
gblock_f1r1_copy	249	2
gblock_f1r1_copy	250	2
gblock_f1r1_copy	251	2
gblock_f1r1_copy	252	2
gblock_f1r1_copy	253	2
gblock_f1r1_copy	254	2
gblock_f1r1_copy	255	2
gblock_f1r1_copy	256	2
gblock_f1r1_copy	257	2
gblock_f1r1_copy	258	2
gblock_f1r1_copy	259	2
gblock_f1r1_copy	260	2
gblock_f1r1_copy	261	2
gblock_f1r1_copy	262	2
gblock_f1r1_copy	263	2
gblock_f1r1_copy	264	2
gblock_f1r1_copy	265	2
gblock_f1r1_copy	266	2
gblock_f1r1_copy	267	2
gblock_f1r1_copy	268	2
gblock_f1r1_copy	269	2
gblock_f1r1_copy	270	2
gblock_f1r1_copy	271	2
gblock_f1r1_copy	272	2
gblock_f1r1_copy	273	2
gblock_f1r1_copy	274	2
gblock_f1r1_copy	275	2
gblock_f1r1_copy	276	2
gblock_f1r1_copy	277	2
gblock_f1r1_copy	278	2
gblock_f1r1_copy	279	2
gblock_f1r1_copy	280	2
gblock_f1r1_copy	281	2
gblock_f1r1_copy	282	2
gblock_f1r1_copy	283	2
gblock_f1r1_copy	284	2
gblock_f1r1_copy	285	2
gblock_f1r1_copy	286	2
gblock_f1r1_copy	287	2
gblock_f1r1_copy	288	2
gblock_f1r1_copy	289	2
gblock_f1r1_copy	290	2
gblock_f1r1_copy	291	2
gblock_f1r1_copy	292	2
gblock_f1r1_copy	293	2
gblock_f1r1_copy	294	2
gblock_f1r1_copy	295	2
gblock_f1r1_copy	296	2
gblock_f1r1_copy	297	2
gblock_f1r1_copy	298	2
gblock_f1r1_copy	299	2
gblock_f1r1_copy	300	2
gblock_f1r1_copy	301	1
gblock_f1r1_copy	302	1
gblock_f1r1_copy	303	1
gblock_f1r1_copy	304	1
gblock_f1r1_copy	305	1
gblock_f1r1_copy	306	1
gblock_f1r1_copy	307	1
gblock_f1r1_copy	308	1
gblock_f1r1_copy	309	1
gblock_f1r1_copy	310	1
gblock_f1r1_copy	311	1
gblock_f1r1_copy	312	1
gblock_f1r1_copy	313	1
gblock_f1r1_copy	314	1
gblock_f1r1_copy	315	1
gblock_f1r1_copy	316	1
gblock_f1r1_copy	317	1
gblock_f1r1_copy	318	1
gblock_f1r1_copy	319	1
gblock_f1r1_copy	320	1
gblock_f1r1_copy	321	1
gblock_f1r1_copy	322	1
gblock_f1r1_copy	323	1
gblock_f1r1_copy	324	1
gblock_f1r1_copy	325	1
gblock_f1r1_copy	326	1
gblock_f1r1_copy	327	1
gblock_f1r1_copy	328	1
gblock_f1r1_copy	329	1
gblock_f1r1_copy	330	1
gblock_f1r1_copy	331	1
gblock_f1r1_copy	332	1
gblock_f1r1_copy	333	1
gblock_f1r1_copy	334	1
gblock_f1r1_copy	335	1
gblock_f1r1_copy	336	1
gblock_f1r1_copy	337	1
gblock_f1r1_copy	338	1
gblock_f1r1_copy	339	1
gblock_f1r1_copy	340	1
gblock_f1r1_copy	341	1
gblock_f1r1_copy	342	1
gblock_f1r1_copy	343	1
gblock_f1r1_copy	344	1
gblock_f1r1_copy	345	1
gblock_f1r1_copy	346	1
gblock_f1r1_copy	347	1
gblock_f1r1_copy	348	1
gblock_f1r1_copy	349	1
gblock_f1r1_copy	350	1
gblock_f1r1_copy	351	1
gblock_f1r1_copy	352	1
gblock_f1r1_copy	353	1
gblock_f1r1_copy	354	1
gblock_f1r1_copy	355	1
gblock_f1r1_copy	356	1
gblock_f1r1_copy	357	1
gblock_f1r1_copy	358	1
gblock_f1r1_copy	359	1
gblock_f1r1_copy	360	1
gblock_f1r1_copy	361	1
gblock_f1r1_copy	362	1
gblock_f1r1_copy	363	1
gblock_f1r1_copy	364	1
gblock_f1r1_copy	365	1
gblock_f1r1_copy	366	1
gblock_f1r1_copy	367	1
